-- CREACIÓN DE LA BASE DE DATOS
CREATE DATABASE tcn;
USE tcn;

-- 0. TABLA USUARIO
CREATE TABLE usuario(
    id INT AUTO_INCREMENT PRIMARY KEY,
    phone varchar(10) not null unique,
    password varchar(16) not null,
    es_admin tinyint(1) not null default 0
);

-- INSERTS PARA USUARIOS
INSERT INTO usuario (phone, password, es_admin) VALUES
('6643679115', 'password123', 1),
('6648468786', 'mgburrit0', 1),
('6647985338', 'tijuana2006', 1),
('6643654514', 'altiplanolomejor', 1),
('6649615855', 'password123', 0),
('6646217637', 'password123', 0),
('6641734392', 'password123', 0),
('6643760055', 'password123', 0),
('6646428642', 'password123', 0),
('6645421510', 'password123', 0),
('6642980615', 'password123', 0),
('6645152491', 'password123', 0),
('6647853285', 'password123', 0),
('6649422426', 'password123', 0),
('6647625680', 'password123', 0),
('6645638977', 'password123', 0),
('6642222790', 'password123', 0),
('6646945234', 'password123', 0),
('6643720785', 'password123', 0),
('6645462088', 'password123', 0),
('6646511113', 'password123', 0),
('6646645481', 'password123', 0),
('6649099132', 'password123', 0),
('6649914789', 'password123', 0),
('6644416220', 'password123', 0),
('6642396564', 'password123', 0),
('6649063875', 'password123', 0),
('6643662900', 'password123', 0),
('6645162609', 'password123', 0),
('6644949242', 'password123', 0),
('6647428787', 'password123', 0),
('6646064508', 'password123', 0),
('6644183605', 'password123', 0),
('6646186565', 'password123', 0),
('6643347838', 'password123', 0),
('6642926679', 'password123', 0),
('6644184559', 'password123', 0),
('6641483412', 'password123', 0),
('6645248469', 'password123', 0),
('6644754049', 'password123', 0),
('6646085146', 'password123', 0),
('6644242370', 'password123', 0),
('6641872199', 'password123', 0),
('6642206286', 'password123', 0),
('6641564414', 'password123', 0),
('6642992286', 'password123', 0),
('6644814958', 'password123', 0),
('6642325761', 'password123', 0),
('6645773162', 'password123', 0),
('6642664778', 'password123', 0),
('6647386876', 'password123', 0),
('6642963399', 'password123', 0),
('6645481439', 'password123', 0),
('6649896554', 'password123', 0),
('6645587512', 'password123', 0),
('6644224784', 'password123', 0),
('6642356734', 'password123', 0),
('6642742153', 'password123', 0),
('6647867537', 'password123', 0),
('6645313285', 'password123', 0),
('6642751323', 'password123', 0),
('6648023468', 'password123', 0),
('6647789401', 'password123', 0),
('6647664330', 'password123', 0),
('6641141175', 'password123', 0),
('6649108107', 'password123', 0),
('6645561818', 'password123', 0),
('6645494560', 'password123', 0),
('6649389340', 'password123', 0),
('6642115908', 'password123', 0),
('6646832050', 'password123', 0),
('6643053868', 'password123', 0),
('6641462882', 'password123', 0),
('6646067847', 'password123', 0),
('6644155903', 'password123', 0),
('6649539201', 'password123', 0),
('6649838960', 'password123', 0),
('6649036612', 'password123', 0),
('6646199161', 'password123', 0),
('6649585464', 'password123', 0),
('6646371141', 'password123', 0),
('6647888431', 'password123', 0),
('6648753330', 'password123', 0),
('6643354015', 'password123', 0),
('6642084494', 'password123', 0),
('6644789618', 'password123', 0),
('6643343028', 'password123', 0),
('6642123978', 'password123', 0),
('6645988102', 'password123', 0),
('6646329076', 'password123', 0),
('6645560917', 'password123', 0),
('6642102680', 'password123', 0),
('6647852266', 'password123', 0),
('6643815620', 'password123', 0),
('6643467201', 'password123', 0),
('6644358347', 'password123', 0),
('6645791486', 'password123', 0),
('6649988900', 'password123', 0),
('6643549779', 'password123', 0),
('6641012544', 'password123', 0),
('6647941865', 'password123', 0),
('6643520461', 'password123', 0),
('6646724162', 'password123', 0),
('6644913142', 'password123', 0),
('6641028077', 'password123', 0),
('6647607983', 'password123', 0),
('6648166983', 'password123', 0),
('6641086693', 'password123', 0),
('6642316184', 'password123', 0),
('6644174382', 'password123', 0),
('6647582982', 'password123', 0),
('6648897375', 'password123', 0),
('6642223201', 'password123', 0),
('6644759550', 'password123', 0),
('6642188522', 'password123', 0),
('6642935661', 'password123', 0),
('6642167666', 'password123', 0),
('6645771577', 'password123', 0),
('6641598701', 'password123', 0),
('6642264215', 'password123', 0),
('6649989428', 'password123', 0),
('6647393492', 'password123', 0),
('6647947367', 'password123', 0),
('6642141789', 'password123', 0),
('6645346320', 'password123', 0),
('6646451966', 'password123', 0),
('6641872381', 'password123', 0),
('6642644390', 'password123', 0),
('6649233868', 'password123', 0),
('6641211834', 'password123', 0),
('6642094220', 'password123', 0),
('6643219757', 'password123', 0),
('6647012562', 'password123', 0),
('6645022296', 'password123', 0),
('6643554535', 'password123', 0),
('6642694135', 'password123', 0),
('6649391965', 'password123', 0),
('6644761292', 'password123', 0),
('6641966517', 'password123', 0),
('6648908178', 'password123', 0),
('6641449279', 'password123', 0),
('6643238902', 'password123', 0),
('6645189747', 'password123', 0),
('6649775481', 'password123', 0),
('6642832483', 'password123', 0),
('6641157776', 'password123', 0),
('6643338916', 'password123', 0),
('6648732466', 'password123', 0),
('6648435746', 'password123', 0),
('6644194155', 'password123', 0),
('6643676082', 'password123', 0),
('6649043202', 'password123', 0),
('6649599142', 'password123', 0),
('6646487745', 'password123', 0),
('6648698631', 'password123', 0),
('6648962227', 'password123', 0),
('6644000097', 'password123', 0),
('6646471129', 'password123', 0),
('6643927671', 'password123', 0),
('6646927547', 'password123', 0),
('6648600942', 'password123', 0),
('6641756531', 'password123', 0),
('6645479115', 'password123', 0),
('6648477541', 'password123', 0),
('6648557035', 'password123', 0),
('6648990960', 'password123', 0),
('6645589789', 'password123', 0),
('6644476886', 'password123', 0),
('6641256131', 'password123', 0),
('6645229933', 'password123', 0),
('6644520852', 'password123', 0),
('6646164239', 'password123', 0),
('6649305432', 'password123', 0),
('6644844069', 'password123', 0),
('6644585957', 'password123', 0),
('6645646308', 'password123', 0),
('6642196669', 'password123', 0),
('6646413808', 'password123', 0),
('6644494013', 'password123', 0),
('6649788212', 'password123', 0),
('6642025120', 'password123', 0),
('6646345778', 'password123', 0),
('6642920020', 'password123', 0),
('6646931396', 'password123', 0),
('6644690199', 'password123', 0),
('6645847351', 'password123', 0),
('6643508129', 'password123', 0),
('6641463268', 'password123', 0),
('6644739530', 'password123', 0),
('6645760973', 'password123', 0),
('6644415519', 'password123', 0),
('6645672578', 'password123', 0),
('6648950555', 'password123', 0),
('6646213489', 'password123', 0),
('6643878952', 'password123', 0),
('6645962184', 'password123', 0),
('6646525760', 'password123', 0),
('6644205596', 'password123', 0),
('6646634527', 'password123', 0),
('6643307175', 'password123', 0),
('6646767036', 'password123', 0),
('6647775407', 'password123', 0),
('6646508847', 'password123', 0),
('6649573417', 'password123', 0),
('6645949336', 'password123', 0),
('6649132282', 'password123', 0),
('6644209720', 'password123', 0),
('6646236916', 'password123', 0),
('6641590755', 'password123', 0),
('6649348884', 'password123', 0),
('6644841486', 'password123', 0),
('6647968129', 'password123', 0),
('6644380300', 'password123', 0),
('6647856694', 'password123', 0),
('6646418823', 'password123', 0),
('6643833389', 'password123', 0),
('6646899639', 'password123', 0),
('6643333732', 'password123', 0),
('6642590170', 'password123', 0),
('6645651927', 'password123', 0),
('6646035552', 'password123', 0),
('6647332068', 'password123', 0),
('6646898859', 'password123', 0),
('6642348018', 'password123', 0),
('6648372067', 'password123', 0),
('6644752705', 'password123', 0);


-- 1. TABLA CIUDAD
CREATE TABLE ciudad (
    codigo VARCHAR(3) PRIMARY KEY,
    nombre VARCHAR(20) NOT NULL UNIQUE
);

INSERT INTO ciudad (codigo, nombre) VALUES
('TIJ', 'Tijuana'),
('MXL', 'Mexicali'),
('SFL', 'San Felipe'),
('TEC', 'Tecate'),
('SNQ', 'San Quintin'),
('ESE', 'Ensenada');

-- 2. TABLA EDO_AUTOBUS
CREATE TABLE edo_autobus (
    codigo VARCHAR(4) PRIMARY KEY,
    descripcion VARCHAR(10) NOT NULL
);

INSERT INTO edo_autobus (codigo, descripcion) VALUES
('ACTI','ACTIVO'),
('INAC','INACTIVO');


-- 3. TABLA EDO_CORRIDA
CREATE TABLE edo_corrida(
    codigo VARCHAR(3) PRIMARY KEY,
    descripcion VARCHAR(10) NOT NULL UNIQUE
);

INSERT INTO edo_corrida (codigo, descripcion) VALUES
('ACT', 'ACTIVO'),
('INA', 'INACTIVO');


-- 4. TABLA AMENIDAD
CREATE TABLE amenidad(
    codigo VARCHAR(4) PRIMARY KEY,
    descripcion VARCHAR(25) NOT NULL
);

INSERT INTO amenidad (codigo, descripcion) VALUES
('AS44', '44 Asientos'),
('AS34', '34 Asientos'),
('TOMA', 'Tomacorrientes'),
('PAMB', 'Pantallas Ambientales'),
('PIND', 'Pantallas Individuales'),
('CLCN', 'Clima controlado'),
('WION', 'WiFi a Bordo'),
('WISA', 'WiFi Satelital'),
('WCUN', 'WC Unisex'),
('WCIN', 'WC Individual');

-- 5. TABLA TIPO_AUTOBUS
CREATE TABLE tipo_autobus (
    codigo VARCHAR(4) PRIMARY KEY,
    descripcion VARCHAR(10) NOT NULL UNIQUE
);

INSERT INTO tipo_autobus (codigo, descripcion) VALUES
('PLUS', 'PLUS'),
('PLAT', 'PLATINO');

-- 6. TABLA TIPO_PASAJERO
CREATE TABLE tipo_pasajero (
    codigo VARCHAR(4) PRIMARY KEY,
    descripcion VARCHAR(10) NOT NULL,
    porcentajeDesc INT NOT NULL
);

INSERT INTO tipo_pasajero (codigo, descripcion, porcentajeDesc) VALUES
('REGU', 'Regular', 0),
('NINO', 'Niño', 50),
('ADUL', '3ra Edad', 50);

-- 7. TABLA MARCA
CREATE TABLE marca (
    clave VARCHAR(5) PRIMARY KEY,
    nombre VARCHAR(15) NOT NULL
);

INSERT INTO marca (clave, nombre) VALUES
('VOLVO', 'VOLVO'),
('IRIZA', 'IRIZAR'),
('SCANI', 'SCANIA');

-- 8. TABLA OPERADOR
CREATE TABLE operador (
    numero INT PRIMARY KEY AUTO_INCREMENT,
    nombre VARCHAR(15) NOT NULL,
    apellPat VARCHAR(15) NOT NULL,
    apellMat VARCHAR(15),
    fechaNac DATE NOT NULL,
    telefono VARCHAR(10) NOT NULL UNIQUE,
    fechaContrato DATE NOT NULL
);

INSERT INTO operador (numero, nombre, apellPat, apellMat, fechaNac, telefono, fechaContrato) VALUES
(1, 'María', 'López', 'García', '1985-03-15', '6641234567', '2020-01-15'),
(2, 'Carlos', 'Rodríguez', 'Martínez', '1990-07-22', '6642345678', '2019-03-10'),
(3, 'Ana', 'Hernández', 'Sánchez', '1988-11-05', '6643456789', '2021-05-20'),
(4, 'Javier', 'Díaz', 'Ramírez', '1992-02-28', '6644567890', '2018-08-12'),
(5, 'Laura', 'Gómez', 'Fernández', '1987-09-14', '6645678902', '2022-02-01'),
(6, 'Miguel', 'Pérez', 'González', '1993-12-03', '6646789012', '2020-11-30'),
(7, 'Elena', 'Torres', 'Jiménez', '1991-06-18', '6647890123', '2019-07-22'),
(8, 'David', 'Ruiz', 'Moreno', '1989-04-25', '6648901234', '2021-09-05'),
(9, 'Sofía', 'Castro', 'Ortega', '1994-08-09', '6649012345', '2023-01-10'),
(10, 'Daniel', 'Mendoza', 'Silva', '1986-01-30', '6640123456', '2017-12-15'),
(11, 'Andrea', 'Reyes', 'Vargas', '1990-10-12', '6641234501', '2020-06-18'),
(12, 'Ángel', 'Agonizante', 'Rivera', '1987-04-26', '6645670988', '2017-12-20');


-- 9. TABLA PASAJERO
CREATE TABLE pasajero (
    numero INT PRIMARY KEY AUTO_INCREMENT,
    nombre VARCHAR(30) NOT NULL,
    apellPat VARCHAR(20) NOT NULL,
    apellMat VARCHAR(20),
    fechaNac DATE NOT NULL,
    edad INT NOT NULL,
    correoElect VARCHAR(40),
    telefono VARCHAR(10) NOT NULL
);

INSERT INTO pasajero (nombre, apellPat, apellMat, fechaNac, edad, correoElect, telefono) VALUES
('Laura', 'Pérez', 'Fernández', '2011-11-16', 14, 'laura.pérez@gmail.com', '6649615855'),
('Miguel', 'Pérez', 'Ramírez', '1975-11-16', 50, 'miguel.pérez@gmail.com', '6649615855'),
('Carlos', 'Martinez', 'Rodríguez', '1952-11-16', 73, 'carlos.martinez@gmail.com', '6646217637'),
('Sofía', 'Martinez', 'Ortega', '1971-11-16', 54, 'sofía.martinez@gmail.com', '6641734392'),
('Javier', 'Díaz', 'González', '1995-11-16', 30, 'javier.díaz@gmail.com', '6643760055'),
('Ana', 'Garcia', 'López', '1960-11-16', 65, 'ana.garcia@gmail.com', '6646428642'),
('María', 'Hernández', 'Sánchez', '1998-11-16', 27, 'maría.hernández@gmail.com', '6645421510'),
('Elena', 'Gómez', 'Jiménez', '2006-11-16', 19, 'elena.gómez@gmail.com', '6642980615'),
('David', 'Luis', 'Moreno', '1950-11-16', 75, 'david.luis@gmail.com', '6645152491'),
('Daniel', 'Mendoza', 'Silva', '1969-11-16', 56, 'daniel.mendoza@gmail.com', '6647853285'),
('Jose Alfredo', 'Guzman', 'Villanueva', '1974-11-16', 51, 'josealfredo.guzman@gmail.com', '6649422426'),
('Oscar', 'Hernández', 'Ugalde', '1967-11-16', 58, 'oscar.hernández@gmail.com', '6647625680'),
('Carmen', 'Ledezma', 'Castañon', '1966-11-16', 59, 'carmen.ledezma@gmail.com', '6645638977'),
('Carolina', 'Piña', 'Sánchez', '2010-11-16', 15, 'carolina.piña@gmail.com', '6642222790'),
('Jairo', 'Díaz', 'Moncada', '2004-11-16', 21, 'jairo.diaz@gmail.com', '6646945234'),
('Dariana', 'Díaz', 'Rivera', '2015-11-16', 10, NULL, '6646945234'),
('Cruz', 'Gonzalez', 'Bocanegra', '1993-11-16', 32, 'cruz.gonzalez@gmail.com', '6643720785'),
('Monica', 'Ramirez', 'Gutierrez', '2012-11-16', 13, 'monica.ramirez@gmail.com', '6645462088'),
('Martha', 'Ramirez', 'Martinez', '1981-11-16', 44, 'martha.ramirez@gmail.com', '6646511113'),
('Ma. Socorro', 'Acosta', 'Galvan', '1979-11-16', 46, 'ma.socorro.acosta@gmail.com', '6646645481'),
('Catalina', 'Barron', 'Garcia', '1967-11-16', 58, 'catalina.barron@gmail.com', '6649099132'),
('Ma Antonieta', 'Franco', 'Barron', '2014-11-16', 11, NULL, '6649099132'),
('Marisela', 'Delgado', 'García', '1992-11-16', 33, 'marisela.delgado@gmail.com', '6649914789'),
('Alicia', 'Garcia', 'Anaya', '2003-11-16', 22, 'alicia.garcia@gmail.com', '6644416220'),
('Maria', 'Luna', 'Camargo', '1963-11-16', 62, NULL, '6642396564'),
('Miguel', 'Martinez', 'Espinoza', '1952-11-16', 73, NULL, '6649063875'),
('Erika', 'Martinez', 'Tovar', '2005-11-16', 20, 'erika.martinez@gmail.com', '6643662900'),
('Dalia Janet', 'Hernandez', 'Cervantes', '2018-11-16', 7, NULL, '6645421510'),
('Ana', 'Morquecho', 'Colchado', '1960-11-16', 65, 'ana.morquecho@gmail.com', '6645162609'),
('Alejandro', 'Pérez', 'Perez', '1964-11-16', 61, 'alejandro.pérez@gmail.com', '6644949242'),
('Claudia', 'Rangel', 'Rodriguez', '1963-11-16', 62, 'claudia.rangel@gmail.com', '6647428787'),
('Veronica', 'Rivera', 'Guerrero', '1987-11-16', 38, 'veronica.rivera@gmail.com', '6646064508'),
('Rosa', 'Silva', 'Salinas', '1952-11-16', 73, NULL, '6644183605'),
('Bernardo', 'Velazquez', 'Espindola', '1959-11-16', 66, 'bernardo.velazquez@gmail.com', '6646186565'),
('Rosa Maria', 'Zamora', 'Villalobos', '1999-11-16', 26, 'rosamaria.zamora@gmail.com', '6643347838'),
('Gustavo', 'Colchado', 'Perez', '1991-11-16', 34, 'gustavo.colchado@gmail.com', '6642926679'),
('Maria', 'Franco', 'Leon', '2006-11-16', 19, 'maria.franco@gmail.com', '6644184559'),
('Rosa', 'Romero', 'Ruiz', '1969-11-16', 56, 'rosa.romero@gmail.com', '6641483412'),
('Carmen', 'Vargas', 'Sotelo', '2016-11-16', 9, NULL, '6645248469'),
('Antonia', 'Bocanegra', 'Aguilar', '2009-11-16', 16, 'antonia.bocanegra@gmail.com', '6641483412'),
('Juan Jose', 'Perez', 'Avila', '1963-11-16', 62, 'juanjose.perez@gmail.com', '6644754049'),
('Jose Luis', 'Hernandez', 'Juarez', '1977-11-16', 48, 'joseluis.hernandez@gmail.com', '6646085146'),
('Ma Lorena', 'Ramirez', 'Castillo', '1954-11-16', 71, NULL, '6644242370'),
('Rodolfo', 'Mendoza', 'Infante', '1969-11-16', 56, 'rodolfo.mendoza@gmail.com', '6641872199'),
('Luis', 'Perez', 'Olvera', '1961-11-16', 64, 'luis.perez@gmail.com', '6642206286'),
('Ana', 'Cruz', 'Trejo', '1950-11-16', 75, 'ana.cruz@gmail.com', '6641564414'),
('Juan', 'Vargas', 'Tejo', '2021-11-16', 4, NULL, '6645248469'),
('Andrea', 'Sanchez', 'Vazquez', '1976-11-16', 49, 'andrea.sanchez@gmail.com', '6642992286'),
('Lucia', 'Navarro', 'Navarrete', '1974-11-16', 51, 'lucia.navarro@gmail.com', '6644814958'),
('Ana', 'Perez', 'Huerta', '1970-11-16', 55, 'ana.perez@gmail.com', '6642325761'),
('María', 'Flores', 'Vazquez', '1951-11-16', 74, 'maría.flores@gmail.com', '6645773162'),
('Alberto', 'Perez', 'Vega', '2019-11-16', 6, NULL, '6644754049'),
('Carlos', 'Garcia', 'Noguez', '1961-11-16', 64, 'carlos.garcia@gmail.com', '6642664778'),
('Valeria', 'Ramirez', 'Flores', '1969-11-16', 56, 'valeria.ramirez@gmail.com', '6647386876'),
('Carmen', 'Diaz', 'Navarro', '2001-11-16', 24, 'carmen.diaz@gmail.com', '6642963399'),
('Ana', 'Mendoza', 'Perez', '1968-11-16', 57, 'ana.mendoza@gmail.com', '6645481439'),
('Carlos', 'Castillo', 'Reyes', '1960-11-16', 65, 'carlos.castillo@gmail.com', '6649896554'),
('Elena', 'Navarro', 'Gonzalez', '1994-11-16', 31, 'elena.navarro@gmail.com', '6645587512'),
('Sofia', 'Perez', 'Hernandez', '2014-11-16', 11, NULL, '6642325761'),
('Juan', 'Navarro', 'Ramirez', '1981-11-16', 44, 'juan.navarro@gmail.com', '6644224784'),
('Carlos', 'Ortega', 'Ortega', '2015-11-16', 10, NULL, '6642356734'),
('Carlos', 'Martinez', 'Garcia', '1963-11-16', 62, 'carlos.martinez@gmail.com', '6642742153'),
('Sofia', 'Hernandez', 'Martinez', '1986-11-16', 39, 'sofia.hernandez@gmail.com', '6647867537'),
('Andrea', 'Mendoza', 'Ortega', '1964-11-16', 61, 'andrea.mendoza@gmail.com', '6645313285'),
('Adrian', 'Martinez', 'Castillo', '1989-11-16', 36, 'adrian.martinez@gmail.com', '6642751323'),
('Lucia', 'Martinez', 'Sanchez', '2015-11-16', 10, NULL, '6642751323'),
('Manuel', 'Hernandez', 'Perez', '1956-11-16', 69, NULL, '6648023468'),
('Luis', 'Cruz', 'Ramos', '2007-11-16', 18, 'luis.cruz@gmail.com', '6647789401'),
('Manuel', 'Vargas', 'Gonzalez', '1976-11-16', 49, 'manuel.vargas@gmail.com', '6645248469'),
('Jose', 'Perez', 'Vargas', '1987-11-16', 38, 'jose.perez@gmail.com', '6647664330'),
('Elena', 'Navarro', 'Torres', '1979-11-16', 46, 'elena.navarro@gmail.com', '6641141175'),
('Fernanda', 'Ramirez', 'Reyes', '1995-11-16', 30, 'fernanda.ramirez@gmail.com', '6649108107'),
('Ana', 'Cruz', 'Morales', '1988-11-16', 37, 'ana.cruz@gmail.com', '6645561818'),
('Rosa', 'Martinez', 'Ramos', '1968-11-16', 57, 'rosa.martinez@gmail.com', '6645494560'),
('Adrian', 'Morales', 'Reyes', '1988-11-16', 37, 'adrian.morales@gmail.com', '6649389340'),
('Andrea', 'Hernandez', 'Diaz', '2005-11-16', 20, 'andrea.hernandez@gmail.com', '6642115908'),
('María', 'Ramos', 'Diaz', '1965-11-16', 60, 'maría.ramos@gmail.com', '6646832050'),
('Lucia', 'Ramos', 'Hernandez', '1976-11-16', 49, 'lucia.ramos@gmail.com', '6643053868'),
('Carlos', 'Flores', 'Hernandez', '1961-11-16', 64, 'carlos.flores@gmail.com', '6641462882'),
('Manuel', 'Flores', 'Garcia', '2011-11-16', 14, 'manuel.flores@gmail.com', '6641462882'),
('Ana', 'Lopez', 'Ramos', '1993-11-16', 32, 'ana.lopez@gmail.com', '6646067847'),
('Adrian', 'Perez', 'Torres', '1955-11-16', 70, 'adrian.perez@gmail.com', '6644155903'),
('Lucia', 'Mendoza', 'Mendoza', '2013-11-16', 12, 'lucia.mendoza@gmail.com', '6649539201'),
('Manuel', 'Gonzalez', 'Mendoza', '1960-11-16', 65, 'manuel.gonzalez@gmail.com', '6649838960'),
('Luis', 'Martinez', 'Mendoza', '1962-11-16', 63, 'luis.martinez@gmail.com', '6649036612'),
('Lucia', 'Torres', 'Ramos', '1953-11-16', 72, NULL, '6646199161'),
('Lucia', 'Ramirez', 'Garcia', '1988-11-16', 37, 'lucia.ramirez@gmail.com', '6649539201'),
('Luis', 'Mendoza', 'Martinez', '1990-11-16', 35, 'luis.mendoza@gmail.com', '6649585464'),
('Lucia', 'Ortega', 'Ramos', '1970-11-16', 55, 'lucia.ortega@gmail.com', '6646371141'),
('Elena', 'Sanchez', 'Diaz', '1958-11-16', 67, NULL, '6647888431'),
('Miguel', 'Lopez', 'Ramos', '1990-11-16', 35, 'miguel.lopez@gmail.com', '6648753330'),
('Sofia', 'Gonzalez', 'Diaz', '1964-11-16', 61, 'sofia.gonzalez@gmail.com', '6643354015'),
('Rosa', 'Ramos', 'Martinez', '1982-11-16', 43, 'rosa.ramos@gmail.com', '6642084494'),
('Carlos', 'Navarro', 'Garcia', '2020-11-16', 5, NULL, '6641141175'),
('María', 'Ortega', 'Mendoza', '1976-11-16', 49, 'maría.ortega@gmail.com', '6644789618'),
('Juan', 'Vargas', 'Ramos', '1987-11-16', 38, 'juan.vargas@gmail.com', '6643343028'),
('Juan', 'Flores', 'Sanchez', '1952-11-16', 73, NULL, '6642123978'),
('Fernanda', 'Navarro', 'Garcia', '2009-11-16', 16, 'fernanda.navarro@gmail.com', '6643343028'),
('Valeria', 'Vargas', 'Diaz', '1984-11-16', 41, 'valeria.vargas@gmail.com', '6645988102'),
('María', 'Ramos', 'Ramos', '1972-11-16', 53, 'maría.ramos@gmail.com', '6646329076'),
('Carmen', 'Vargas', 'Cruz', '1998-11-16', 27, 'carmen.vargas@gmail.com', '6645560917'),
('Paula', 'Cruz', 'Garcia', '2019-11-16', 6, NULL, '6645561818'),
('Lucia', 'Vargas', 'Cruz', '1972-11-16', 53, 'lucia.vargas@gmail.com', '6642102680'),
('Carmen', 'Ramos', 'Mendoza', '1953-11-16', 72, NULL, '6647852266'),
('Manuel', 'Gonzalez', 'Vargas', '1962-11-16', 63, 'manuel.gonzalez@gmail.com', '6643815620'),
('Jose', 'Gonzalez', 'Sanchez', '2009-11-16', 16, 'jose.gonzalez@gmail.com', '6643815620'),
('Miguel', 'Sanchez', 'Reyes', '2015-11-16', 10, NULL, '6643467201'),
('Carlos', 'Hernandez', 'Morales', '2001-11-16', 24, 'carlos.hernandez@gmail.com', '6644358347'),
('Carmen', 'Hernandez', 'Ramirez', '2002-11-16', 23, 'carmen.hernandez@gmail.com', '6645791486'),
('Rosa', 'Ramirez', 'Torres', '1954-11-16', 71, 'rosa.ramirez@gmail.com', '6649988900'),
('Luis', 'Reyes', 'Diaz', '1981-11-16', 44, 'luis.reyes@gmail.com', '6643549779'),
('Paula', 'Reyes', 'Martinez', '1999-11-16', 26, 'paula.reyes@gmail.com', '6641012544'),
('Carmen', 'Garcia', 'Diaz', '1985-11-16', 40, 'carmen.garcia@gmail.com', '6647941865'),
('Jose', 'Mendoza', 'Ramirez', '1959-11-16', 66, NULL, '6643520461'),
('Elena', 'Mendoza', 'Garcia', '2011-11-16', 14, 'elena.mendoza@gmail.com', '6647941865'),
('María', 'Flores', 'Hernandez', '1955-11-16', 70, NULL, '6646724162'),
('Jose', 'Ramos', 'Diaz', '1970-11-16', 55, 'jose.ramos@gmail.com', '6644913142'),
('Andrea', 'Hernandez', 'Garcia', '2019-11-16', 6, NULL, '6644358347'),
('Paula', 'Martinez', 'Vargas', '1954-11-16', 71, 'paula.martinez@gmail.com', '6641028077'),
('Sofia', 'Cruz', 'Torres', '1967-11-16', 58, 'sofia.cruz@gmail.com', '6647607983'),
('Rosa', 'Castillo', 'Morales', '1950-11-16', 75, NULL, '6648166983'),
('Juan', 'Cruz', 'Morales', '1980-11-16', 45, 'juan.cruz@gmail.com', '6641086693'),
('Valeria', 'Navarro', 'Morales', '2015-11-16', 10, NULL, '6642316184'),
('Sofia', 'Diaz', 'Torres', '2002-11-16', 23, 'sofia.diaz@gmail.com', '6644174382'),
('Sofia', 'Garcia', 'Gonzalez', '1950-11-16', 75, NULL, '6647582982'),
('Ana', 'Cruz', 'Ortega', '1996-11-16', 29, 'ana.cruz@gmail.com', '6648897375'),
('Elena', 'Sanchez', 'Lopez', '1994-11-16', 31, 'elena.sanchez@gmail.com', '6643467201'),
('Roberto', 'Navarro', 'Ramirez', '1951-11-16', 74, NULL, '6642316184'),
('Roberto', 'Garcia', 'Gonzalez', '2010-11-16', 15, 'roberto.garcia@gmail.com', '6642223201'),
('Roberto', 'Ramirez', 'Navarro', '1981-11-16', 44, 'roberto.ramirez@gmail.com', '6642223201'),
('Carlos', 'Sanchez', 'Vargas', '1982-11-16', 43, 'carlos.sanchez@gmail.com', '6644759550'),
('Carmen', 'Ortega', 'Sanchez', '1972-11-16', 53, 'carmen.ortega@gmail.com', '6642356734'),
('Manuel', 'Martinez', 'Hernandez', '1990-11-16', 35, 'manuel.martinez@gmail.com', '6642188522'),
('Adrian', 'Vargas', 'Diaz', '2003-11-16', 22, 'adrian.vargas@gmail.com', '6642935661'),
('Elena', 'Ortega', 'Lopez', '1977-11-16', 48, 'elena.ortega@gmail.com', '6642167666'),
('Adrian', 'Gonzalez', 'Hernandez', '2014-11-16', 11, NULL, '6645771577'),
('Paula', 'Cruz', 'Navarro', '1956-11-16', 69, NULL, '6641598701'),
('Carmen', 'Ramos', 'Ramirez', '1971-11-16', 54, 'carmen.ramos@gmail.com', '6642264215'),
('Ana', 'Torres', 'Ramos', '2001-11-16', 24, 'ana.torres@gmail.com', '6649989428'),
('Juan', 'Castillo', 'Hernandez', '1982-11-16', 43, 'juan.castillo@gmail.com', '6647393492'),
('María', 'Morales', 'Morales', '1953-11-16', 72, 'maría.morales@gmail.com', '6647947367'),
('Alberto', 'Torres', 'Ramos', '2003-11-16', 22, 'alberto.torres@gmail.com', '6642141789'),
('Manuel', 'Castillo', 'Morales', '1956-11-16', 69, NULL, '6645346320'),
('Roberto', 'Ramos', 'Reyes', '2004-11-16', 21, 'roberto.ramos@gmail.com', '6646451966'),
('Andrea', 'Gonzalez', 'Flores', '1976-11-16', 49, 'andrea.gonzalez@gmail.com', '6645771577'),
('Paula', 'Ramirez', 'Sanchez', '1982-11-16', 43, 'paula.ramirez@gmail.com', '6641872381'),
('Carlos', 'Hernandez', 'Ortega', '2018-11-16', 7, NULL, '6642644390'),
('Adrian', 'Reyes', 'Cruz', '1992-11-16', 33, 'adrian.reyes@gmail.com', '6649233868'),
('Fernanda', 'Mendoza', 'Castillo', '1983-11-16', 42, 'fernanda.mendoza@gmail.com', '6641211834'),
('María', 'Castillo', 'Reyes', '1959-11-16', 66, NULL, '6642094220'),
('Lucia', 'Torres', 'Mendoza', '1964-11-16', 61, 'lucia.torres@gmail.com', '6643219757'),
('Andrea', 'Garcia', 'Hernandez', '1960-11-16', 65, 'andrea.garcia@gmail.com', '6647012562'),
('Carlos', 'Cruz', 'Garcia', '1975-11-16', 50, 'elena.cruz@gmail.com', '6645022296'),
('Andrea', 'Morales', 'Hernandez', '1968-11-16', 57, 'lucia.morales@gmail.com', '6643554535'),
('Miguel', 'Hernandez', 'Ortega', '2007-11-16', 18, 'andrea.hernandez@gmail.com', '6642644390'),
('Andrea', 'Navarro', 'Cruz', '1952-11-16', 73, 'manuel.navarro@gmail.com', '6642694135'),
('Elena', 'Ramirez', 'Perez', '1973-11-16', 52, 'luis.ramirez@gmail.com', '6649391965'),
('Lucia', 'Gonzalez', 'Morales', '2016-11-16', 9, NULL, '6646451966'),
('Andrea', 'Hernandez', 'Reyes', '1962-11-16', 63, 'elena.hernandez@gmail.com', '6644761292'),
('Manuel', 'Torres', 'Ramirez', '1972-11-16', 53, 'alberto.torres@gmail.com', '6641966517'),
('Luis', 'Ramos', 'Ramos', '1973-11-16', 52, 'ana.ramos@gmail.com', '6648908178'),
('Miguel', 'Garcia', 'Reyes', '2002-11-16', 23, 'valeria.garcia@gmail.com', '6641449279'),
('Elena', 'Martinez', 'Gonzalez', '2001-11-16', 24, 'lucia.martinez@gmail.com', '6643238902'),
('Alberto', 'Ortega', 'Navarro', '1959-11-16', 66, 'alberto.ortega@gmail.com', '6645189747'),
('Ana', 'Hernandez', 'Lopez', '1983-11-16', 42, 'adrian.hernandez@gmail.com', '6649775481'),
('Valeria', 'Torres', 'Mendoza', '1975-11-16', 50, 'juan.torres@gmail.com', '6642832483'),
('Lucia', 'Vargas', 'Mendoza', '2003-11-16', 22, 'alberto.vargas@gmail.com', '6641157776'),
('Alberto', 'Hernandez', 'Martinez', '1957-11-16', 68, 'paula.hernandez@gmail.com', '6643338916'),
('Adrian', 'Flores', 'Reyes', '2009-11-16', 16, 'miguel.flores@gmail.com', '6641157776'),
('Juan', 'Hernandez', 'Ortega', '2014-11-16', 11, NULL, '6643338916'),
('Alberto', 'Morales', 'Ramirez', '2005-11-16', 20, 'paula.morales@gmail.com', '6648732466'),
('Paula', 'Mendoza', 'Ramirez', '2004-11-16', 21, 'alberto.mendoza@gmail.com', '6648435746'),
('Miguel', 'Reyes', 'Martinez', '2001-11-16', 24, 'elena.reyes@gmail.com', '6644194155'),
('Manuel', 'Ramirez', 'Perez', '1992-11-16', 33, 'adrian.ramirez@gmail.com', '6643676082'),
('Paula', 'Reyes', 'Morales', '1986-11-16', 39, 'alberto.reyes@gmail.com', '6649043202'),
('Alberto', 'Mendoza', 'Vargas', '1966-11-16', 59, 'ana.mendoza@gmail.com', '6649599142'),
('Elena', 'Navarro', 'Ramos', '1995-11-16', 30, 'adrian.navarro@gmail.com', '6646487745'),
('Adrian', 'Ramirez', 'Garcia', '1982-11-16', 43, 'andrea.ramirez@gmail.com', '6648698631'),
('Alberto', 'Ortega', 'Lopez', '1983-11-16', 42, 'andrea.ortega@gmail.com', '6648962227'),
('Ana', 'Lopez', 'Navarro', '2006-11-16', 19, 'lucia.lopez@gmail.com', '6644000097'),
('Adrian', 'Cruz', 'Ramos', '1953-11-16', 72, NULL, '6646471129'),
('Andrea', 'Martinez', 'Gonzalez', '2005-11-16', 20, 'paula.martinez@gmail.com', '6643927671'),
('Andrea', 'Flores', 'Morales', '1953-11-16', 72, 'elena.flores@gmail.com', '6646927547'),
('Lucia', 'Hernandez', 'Perez', '2005-11-16', 20, 'elena.hernandez@gmail.com', '6648600942'),
('Manuel', 'Flores', 'Garcia', '2006-11-16', 19, 'alberto.flores@gmail.com', '6641756531'),
('Paula', 'Navarro', 'Hernandez', '1962-11-16', 63, 'maría.navarro@gmail.com', '6645479115'),
('Elena', 'Gonzalez', 'Sanchez', '1965-11-16', 60, 'roberto.gonzalez@gmail.com', '6648477541'),
('Elena', 'Vargas', 'Navarro', '1954-11-16', 71, 'valeria.vargas@gmail.com', '6648557035'),
('Alberto', 'Navarro', 'Torres', '1964-11-16', 61, 'adrian.navarro@gmail.com', '6648990960'),
('María', 'Castillo', 'Flores', '1997-11-16', 28, 'lucia.castillo@gmail.com', '6645589789'),
('Roberto', 'Cruz', 'Ramos', '1978-11-16', 47, 'juan.cruz@gmail.com', '6644476886'),
('Valeria', 'Morales', 'Reyes', '1971-11-16', 54, 'maría.morales@gmail.com', '6641256131'),
('Adrian', 'Cruz', 'Vargas', '1950-11-16', 75, NULL, '6645229933'),
('Lucia', 'Ramirez', 'Flores', '2014-11-16', 11, NULL, '6648698631'),
('Juan', 'Hernandez', 'Navarro', '1995-11-16', 30, 'rosa.hernandez@gmail.com', '6644520852'),
('María', 'Hernandez', 'Castillo', '1970-11-16', 55, 'paula.hernandez@gmail.com', '6646164239'),
('Miguel', 'Gonzalez', 'Sanchez', '1958-11-16', 67, 'andrea.gonzalez@gmail.com', '6649305432'),
('Juan', 'Lopez', 'Vargas', '2010-11-16', 15, 'jose.lopez@gmail.com', '6644844069'),
('Rosa', 'Mendoza', 'Martinez', '1998-11-16', 27, 'adrian.mendoza@gmail.com', '6644585957'),
('Paula', 'Lopez', 'Sanchez', '1996-11-16', 29, 'adrian.lopez@gmail.com', '6645646308'),
('Andrea', 'Martinez', 'Ortega', '1999-11-16', 26, 'carmen.martinez@gmail.com', '6642196669'),
('Jose', 'Flores', 'Navarro', '1966-11-16', 59, 'carlos.flores@gmail.com', '6646413808'),
('Adrian', 'Gonzalez', 'Garcia', '2018-11-16', 7, NULL, '6649305432'),
('Adrian', 'Reyes', 'Navarro', '1989-11-16', 36, 'jose.reyes@gmail.com', '6644494013'),
('Carmen', 'Reyes', 'Navarro', '1975-11-16', 50, 'manuel.reyes@gmail.com', '6649788212'),
('Carlos', 'Ortega', 'Reyes', '1959-11-16', 66, NULL, '6642025120'),
('Alberto', 'Castillo', 'Ramos', '1956-11-16', 69, 'alberto.castillo@gmail.com', '6646345778'),
('Jose', 'Ramirez', 'Ramirez', '1964-11-16', 61, 'carlos.ramirez@gmail.com', '6642920020'),
('Manuel', 'Torres', 'Ramirez', '1961-11-16', 64, 'ana.torres@gmail.com', '6646931396'),
('Adrian', 'Gonzalez', 'Garcia', '1963-11-16', 62, 'carmen.gonzalez@gmail.com', '6644690199'),
('Alberto', 'Gonzalez', 'Martinez', '2006-11-16', 19, 'alberto.gonzalez@gmail.com', '6649838960'),
('Carlos', 'Garcia', 'Ramirez', '2018-11-16', 7, NULL, '6649838960'),
('Ana', 'Reyes', 'Hernandez', '2005-11-16', 20, 'valeria.reyes@gmail.com', '6645847351'),
('Carmen', 'Vargas', 'Flores', '1997-11-16', 28, 'roberto.vargas@gmail.com', '6643508129'),
('Valeria', 'Vargas', 'Vargas', '2011-11-16', 14, 'andrea.vargas@gmail.com', '6641463268'),
('Adrian', 'Gonzalez', 'Garcia', '1999-11-16', 26, 'miguel.gonzalez@gmail.com', '6644739530'),
('Valeria', 'Navarro', 'Garcia', '1981-11-16', 44, 'carmen.navarro@gmail.com', '6645760973'),
('Roberto', 'Ramirez', 'Mendoza', '1979-11-16', 46, 'carmen.ramirez@gmail.com', '6644415519'),
('Andrea', 'Mendoza', 'Perez', '1971-11-16', 54, 'elena.mendoza@gmail.com', '6645672578'),
('Miguel', 'Garcia', 'Cruz', '2007-11-16', 18, 'lucia.garcia@gmail.com', '6648950555'),
('Carmen', 'Diaz', 'Ramos', '2006-11-16', 19, 'sofia.diaz@gmail.com', '6646213489'),
('Carmen', 'Garcia', 'Martinez', '2017-11-16', 8, NULL, '6643878952'),
('Elena', 'Reyes', 'Vargas', '1974-11-16', 51, 'adrian.reyes@gmail.com', '6645962184'),
('Lucia', 'Hernandez', 'Ramos', '1960-11-16', 65, 'fernanda.hernandez@gmail.com', '6646525760'),
('Sofia', 'Torres', 'Diaz', '1982-11-16', 43, 'lucia.torres@gmail.com', '6644205596'),
('Valeria', 'Navarro', 'Ramos', '2006-11-16', 19, 'carmen.navarro@gmail.com', '6646634527'),
('Adrian', 'Ortega', 'Diaz', '1991-11-16', 34, 'valeria.ortega@gmail.com', '6643307175'),
('Fernanda', 'Perez', 'Castillo', '1970-11-16', 55, 'sofia.perez@gmail.com', '6646767036'),
('Lucia', 'Sanchez', 'Hernandez', '1951-11-16', 74, 'fernanda.sanchez@gmail.com', '6647775407'),
('Carmen', 'Flores', 'Mendoza', '1990-11-16', 35, 'maría.flores@gmail.com', '6646508847'),
('Valeria', 'Perez', 'Ramirez', '2012-11-16', 13, 'alberto.perez@gmail.com', '6649573417'),
('Sofia', 'Martinez', 'Ramos', '1958-11-16', 67, 'valeria.martinez@gmail.com', '6645949336'),
('Fernanda', 'Ramirez', 'Morales', '2014-11-16', 11, NULL, '6648698631'),
('María', 'Lopez', 'Vargas', '1989-11-16', 36, 'luis.lopez@gmail.com', '6649132282'),
('Alberto', 'Ortega', 'Lopez', '1999-11-16', 26, 'fernanda.ortega@gmail.com', '6644209720'),
('Valeria', 'Sanchez', 'Garcia', '1973-11-16', 52, 'manuel.sanchez@gmail.com', '6646236916'),
('Juan', 'Ramirez', 'Lopez', '1977-11-16', 48, 'rosa.ramirez@gmail.com', '6641590755'),
('Luis', 'Perez', 'Garcia', '2002-11-16', 23, 'lucia.perez@gmail.com', '6649348884'),
('Fernanda', 'Lopez', 'Morales', '2007-11-16', 18, 'maría.lopez@gmail.com', '6644841486'),
('Manuel', 'Gonzalez', 'Ramos', '1955-11-16', 70, 'miguel.gonzalez@gmail.com', '6647968129'),
('Rosa', 'Ortega', 'Ramirez', '1994-11-16', 31, 'adrian.ortega@gmail.com', '6644380300'),
('Lucia', 'Lopez', 'Ortega', '1960-11-16', 65, 'carmen.lopez@gmail.com', '6647856694'),
('María', 'Flores', 'Castillo', '2006-11-16', 19, 'valeria.flores@gmail.com', '6646418823'),
('Miguel', 'Flores', 'Ortega', '1997-11-16', 28, 'ana.flores@gmail.com', '6643833389'),
('Adrian', 'Flores', 'Mendoza', '2002-11-16', 23, 'rosa.flores@gmail.com', '6646899639'),
('Carmen', 'Perez', 'Martinez', '1978-11-16', 47, 'luis.perez@gmail.com', '6643333732'),
('Valeria', 'Flores', 'Castillo', '2010-11-16', 15, 'jose.flores@gmail.com', '6642590170'),
('Ana', 'Hernandez', 'Martinez', '1980-11-16', 45, 'miguel.hernandez@gmail.com', '6645651927'),
('Rosa', 'Garcia', 'Torres', '1993-11-16', 32, 'manuel.garcia@gmail.com', '6646035552'),
('Luis', 'Ramos', 'Diaz', '1981-11-16', 44, 'miguel.ramos@gmail.com', '6647332068'),
('Jose', 'Ortega', 'Ramos', '1972-11-16', 53, 'fernanda.ortega@gmail.com', '6646898859'),
('Miguel', 'Gonzalez', 'Cruz', '1959-11-16', 66, NULL, '6642348018'),
('Manuel', 'Sanchez', 'Garcia', '1992-11-16', 33, 'manuel.sanchez@gmail.com', '6648372067'),
('Miguel', 'Ortega', 'Morales', '2020-11-16', 5, NULL, '6642025120'),
('Fernanda', 'Navarro', 'Mendoza', '2002-11-16', 23, 'juan.navarro@gmail.com', '6644752705'),
('Luis', 'Martinez', 'Torres', '2017-11-16', 8, NULL, '6645949336');


-- 10. TABLA MODELO
CREATE TABLE modelo (
    clave VARCHAR(5) PRIMARY KEY,
    nombre VARCHAR(15) NOT NULL,
    marca VARCHAR(5) NOT NULL
);

INSERT INTO modelo (clave, nombre, marca) VALUES
('V9800', '9800', 'VOLVO'),
('IRIZ8', 'i8', 'IRIZA'),
('SCEU5', 'Euro 5', 'SCANI'),
('IRIZ6', 'i6', 'IRIZA');

-- 11. TABLA RUTA
CREATE TABLE ruta (
    codigo VARCHAR(9) PRIMARY KEY,
    distancia FLOAT NOT NULL,       
    ciudadOrigen VARCHAR(3) NOT NULL,      
    ciudadDestino VARCHAR(3) NOT NULL       
);

INSERT INTO ruta (codigo, distancia, ciudadOrigen, ciudadDestino) VALUES
('TIJ-TEC', 48.5, 'TIJ', 'TEC'),
('TIJ-ESE', 107.25, 'TIJ', 'ESE'),
('TIJ-MXL', 178.4, 'TIJ', 'MXL'),
('TIJ-SFL', 198.6, 'TIJ', 'SFL'),
('TIJ-SNQ', 308.9, 'TIJ', 'SNQ'),
('TEC-TIJ', 48.5, 'TEC', 'TIJ'),
('TEC-ESE', 138.2, 'TEC', 'ESE'),
('TEC-MXL', 158.75, 'TEC', 'MXL'),
('TEC-SFL', 218.45, 'TEC', 'SFL'),
('TEC-SNQ', 328.3, 'TEC', 'SNQ'),
('ESE-TIJ', 107.25, 'ESE', 'TIJ'),
('ESE-TEC', 138.2, 'ESE', 'TEC'),
('ESE-MXL', 268.5, 'ESE', 'MXL'),
('ESE-SFL', 287.8, 'ESE', 'SFL'),
('ESE-SNQ', 84.95, 'ESE', 'SNQ'),
('MXL-TIJ', 178.4, 'MXL', 'TIJ'),
('MXL-TEC', 158.75, 'MXL', 'TEC'),
('MXL-ESE', 268.5, 'MXL', 'ESE'),
('MXL-SFL', 187.35, 'MXL', 'SFL'),
('MXL-SNQ', 347.8, 'MXL', 'SNQ'),
('SFL-TIJ', 198.6, 'SFL', 'TIJ'),
('SFL-TEC', 218.45, 'SFL', 'TEC'),
('SFL-ESE', 287.8, 'SFL', 'ESE'),
('SFL-MXL', 187.35, 'SFL', 'MXL'),
('SFL-SNQ', 366.25, 'SFL', 'SNQ'),
('SNQ-TIJ', 308.9, 'SNQ', 'TIJ'),
('SNQ-TEC', 328.3, 'SNQ', 'TEC'),
('SNQ-ESE', 84.95, 'SNQ', 'ESE'),
('SNQ-MXL', 347.8, 'SNQ', 'MXL'),
('SNQ-SFL', 366.25, 'SNQ', 'SFL');

-- 12. TABLA AUTOBUS
CREATE TABLE autobus(
    numero INT PRIMARY KEY,
    matricula CHAR(6) NOT NULL UNIQUE,
    claveWIFI VARCHAR(20),
    cantAsientos INT NOT NULL,
    tipoAutobus VARCHAR(4) NOT NULL,
    estado VARCHAR(4) NOT NULL,
    marca VARCHAR(5) NOT NULL,
    modelo VARCHAR(5) NOT NULL
);

INSERT INTO autobus (numero, matricula, claveWIFI, cantAsientos, tipoAutobus, estado, marca, modelo) VALUES
(100, 'TU87Y6', 'TCNMELLEVA', 44, 'PLUS', 'ACTI', 'VOLVO', 'V9800'),
(104, 'UY767Y', 'TCNMELLEVA', 44, 'PLUS', 'ACTI', 'VOLVO', 'V9800'),
(106, 'ERT56T', 'TCNMELLEVA', 44, 'PLUS', 'ACTI', 'IRIZA', 'IRIZ6'),
(118, 'BC09IJ', 'TCNMELLEVA', 44, 'PLUS', 'ACTI', 'IRIZA', 'IRIZ6'),
(130, 'DE29XU', 'TCNMELLEVA', 44, 'PLUS', 'ACTI', 'IRIZA', 'IRIZ6'),
(164, 'CA980M', 'TCNMELLEVA', 44, 'PLUS', 'ACTI', 'VOLVO', 'V9800'),
(170, 'MX89NL', 'TCNMELLEVA', 44, 'PLUS', 'ACTI', 'VOLVO', 'V9800'),
(181, 'FG098T', 'TCNMELLEVA', 44, 'PLUS', 'ACTI', 'IRIZA', 'IRIZ6'),
(502, 'OSF87U', 'TCNMELLEVA', 34, 'PLAT', 'ACTI', 'SCANI', 'SCEU5'),
(509, 'AHL76J', 'TCNMELLEVA', 34, 'PLAT', 'ACTI', 'IRIZA', 'IRIZ8'),
(520, 'GHY700', 'TCNMELLEVA', 34, 'PLAT', 'ACTI', 'IRIZA', 'IRIZ8'),
(581, 'HUH78K', 'TCNMELLEVA', 34, 'PLAT', 'ACTI', 'SCANI', 'SCEU5');

-- 13. TABLA CORRIDA
CREATE TABLE corrida(
    numero INT PRIMARY KEY AUTO_INCREMENT, 
    fecha DATE NOT NULL, 
    hora_salida TIME NOT NULL, 
    hora_llegada TIME NOT NULL, 
    tarifaBase FLOAT NOT NULL, 
    lugaresDisp INT NOT NULL,
    autobus INT NOT NULL, 
    ruta VARCHAR(9) NOT NULL,
    operador INT, 
    estado VARCHAR(3) NOT NULL 
);

INSERT INTO corrida (numero, fecha, hora_salida, hora_llegada, tarifaBase, lugaresDisp, autobus, ruta, operador, estado) VALUES
(1, '2025-12-11', '09:00:00', '11:30:00', 250.00, 38, 100, 'TIJ-MXL', 1, 'ACT'),
(2, '2025-12-11', '12:00:00', '14:30:00', 350.00, 26, 502, 'TIJ-MXL', 2, 'ACT'),
(3, '2025-12-11', '15:00:00', '17:30:00', 250.00, 38, 100, 'TIJ-MXL', 1, 'ACT'),
(4, '2025-12-11', '18:00:00', '20:30:00', 350.00, 26, 502, 'TIJ-MXL', 2, 'ACT'),
(5, '2025-12-11', '09:00:00', '11:30:00', 350.00, 27, 502, 'MXL-TIJ', 2, 'ACT'),
(6, '2025-12-11', '12:00:00', '14:30:00', 250.00, 26, 100, 'MXL-TIJ', 1, 'ACT'),
(7, '2025-12-11', '15:00:00', '17:30:00', 350.00, 27, 502, 'MXL-TIJ', 2, 'ACT'),
(8, '2025-12-11', '18:00:00', '20:30:00', 250.00, 37, 100, 'MXL-TIJ', 1, 'ACT'),
(9, '2025-12-11', '08:00:00', '10:00:00', 250.00, 25, 509, 'TIJ-ESE', 3, 'ACT'),
(10, '2025-12-11', '12:00:00', '14:00:00', 150.00, 38, 104, 'TIJ-ESE', 4, 'ACT'),
(11, '2025-12-11', '16:00:00', '18:00:00', 250.00, 28, 509, 'TIJ-ESE', 3, 'ACT'),
(12, '2025-12-11', '20:00:00', '22:00:00', 150.00, 37, 104, 'TIJ-ESE', 4, 'ACT'),
(13, '2025-12-11', '08:00:00', '10:00:00', 150.00, 38, 104, 'ESE-TIJ', 4, 'ACT'),
(14, '2025-12-11', '12:00:00', '14:00:00', 250.00, 25, 509, 'ESE-TIJ', 3, 'ACT'),
(15, '2025-12-11', '16:00:00', '18:00:00', 150.00, 35, 104, 'ESE-TIJ', 4, 'ACT'),
(16, '2025-12-11', '20:00:00', '22:00:00', 250.00, 28, 509, 'ESE-TIJ', 3, 'ACT'),
(17, '2025-12-11', '08:00:00', '12:00:00', 450.00, 36, 106, 'TIJ-SNQ', 5, 'ACT'),
(18, '2025-12-11', '14:00:00', '18:00:00', 450.00, 36, 106, 'SNQ-TIJ', 5, 'ACT'),
(19, '2025-12-11', '09:00:00', '13:00:00', 450.00, 37, 164, 'TIJ-SFL', 6, 'ACT'),
(20, '2025-12-11', '13:00:00', '17:00:00', 550.00, 28, 581, 'TIJ-SFL', 7, 'ACT'),
(21, '2025-12-11', '14:00:00', '18:00:00', 450.00, 37, 164, 'SFL-TIJ', 6, 'ACT'),
(22, '2025-12-11', '18:00:00', '22:00:00', 550.00, 29, 581, 'SFL-TIJ', 7, 'ACT'),
(23, '2025-12-11', '08:00:00', '11:30:00', 450.00, 36, 170, 'MXL-ESE', 8, 'ACT'),
(24, '2025-12-11', '13:00:00', '16:30:00', 550.00, 28, 520, 'MXL-ESE', 9, 'ACT'),
(25, '2025-12-11', '08:00:00', '11:30:00', 550.00, 26, 520, 'ESE-MXL', 9, 'ACT'),
(26, '2025-12-11', '13:00:00', '16:30:00', 450.00, 38, 170, 'ESE-MXL', 8, 'ACT'),
(27, '2025-12-11', '07:00:00', '09:00:00', 100.00, 38, 118, 'MXL-SFL', 10, 'ACT'),
(28, '2025-12-11', '12:00:00', '14:00:00', 100.00, 37, 118, 'MXL-SFL', 10, 'ACT'),
(29, '2025-12-11', '09:30:00', '11:30:00', 100.00, 38, 118, 'SFL-MXL', 10, 'ACT'),
(30, '2025-12-11', '14:30:00', '16:30:00', 100.00, 37, 118, 'SFL-MXL', 10, 'ACT'),
(31, '2025-12-11', '10:00:00', '13:00:00', 100.00, 37, 130, 'ESE-SNQ', 11, 'ACT'),
(32, '2025-12-11', '14:00:00', '17:00:00', 100.00, 37, 130, 'SNQ-ESE', 11, 'ACT'),
(33, '2025-12-11', '07:00:00', '08:00:00', 50.00, 38, 181, 'TIJ-TEC', 12, 'ACT'),
(34, '2025-12-11', '08:30:00', '10:30:00', 150.00, 37, 181, 'TEC-MXL', 12, 'ACT'),
(35, '2025-12-11', '11:00:00', '13:00:00', 150.00, 38, 181, 'MXL-TEC', 12, 'ACT'),
(36, '2025-12-11', '13:30:00', '14:30:00', 50.00, 31, 181, 'TEC-TIJ', 12, 'ACT');

-- 14. TABLA RESERVACION
CREATE TABLE reservacion (
    numero INT PRIMARY KEY AUTO_INCREMENT, 
    fecha DATE NOT NULL, 
    fechaLimPago DATE NOT NULL, 
    cantPasajeros INT NOT NULL, 
    subtotal FLOAT NOT NULL, 
    IVA FLOAT NOT NULL, 
    total FLOAT NOT NULL, 
    pasajero INT NOT NULL, 
    corrida INT NOT NULL,
    usuario INT NULL
);

INSERT INTO reservacion (numero, fecha, fechaLimPago, cantPasajeros, subtotal, IVA, total, pasajero, corrida, usuario) VALUES
(1, '2025-12-06', '2025-12-11', 2, 420.00, 80.00, 500.00, 1, 1, 5),
(2, '2025-12-06', '2025-12-11', 1, 105.00, 20.00, 125.00, 3, 1, 6),
(3, '2025-12-06', '2025-12-11', 1, 210.00, 40.00, 250.00, 4, 1, 7),
(4, '2025-12-06', '2025-12-11', 1, 210.00, 40.00, 250.00, 5, 1, 8),
(5, '2025-12-06', '2025-12-11', 1, 105.00, 20.00, 125.00, 6, 1, 9),
(6, '2025-12-07', '2025-12-11', 1, 294.00, 56.00, 350.00, 7, 2, 10),
(7, '2025-12-07', '2025-12-11', 1, 294.00, 56.00, 350.00, 8, 2, 11),
(8, '2025-12-07', '2025-12-11', 1, 147.00, 28.00, 175.00, 9, 2, 12),
(9, '2025-12-07', '2025-12-11', 2, 588.00, 112.00, 700.00, 10, 2, 13),
(10, '2025-12-07', '2025-12-11', 2, 588.00, 112.00, 700.00, 12, 2, 14),
(11, '2025-12-06', '2025-12-11', 1, 294.00, 56.00, 350.00, 14, 2, 15),
(12, '2025-12-06', '2025-12-11', 2, 315.00, 60.00, 375.00, 15, 3, 16),
(13, '2025-12-06', '2025-12-11', 1, 210.00, 40.00, 250.00, 17, 3, 17),
(14, '2025-12-06', '2025-12-11', 1, 210.00, 40.00, 250.00, 18, 3, 18),
(15, '2025-12-06', '2025-12-11', 1, 210.00, 40.00, 250.00, 19, 3, 19),
(16, '2025-12-07', '2025-12-11', 1, 210.00, 40.00, 250.00, 20, 3, 20),
(17, '2025-12-07', '2025-12-11', 2, 441.00, 84.00, 525.00, 21, 4, 21),
(18, '2025-12-07', '2025-12-11', 1, 294.00, 56.00, 350.00, 23, 4, 22),
(19, '2025-12-07', '2025-12-11', 1, 294.00, 56.00, 350.00, 24, 4, 23),
(20, '2025-12-07', '2025-12-11', 1, 294.00, 56.00, 350.00, 25, 4, 24),
(21, '2025-12-06', '2025-12-11', 1, 147.00, 28.00, 175.00, 26, 4, 25),
(22, '2025-12-06', '2025-12-11', 2, 441.00, 84.00, 525.00, 27, 4, 26),
(23, '2025-12-06', '2025-12-11', 1, 147.00, 28.00, 175.00, 29, 5, 27),
(24, '2025-12-06', '2025-12-11', 1, 294.00, 56.00, 350.00, 30, 5, 28),
(25, '2025-12-06', '2025-12-11', 1, 294.00, 56.00, 350.00, 31, 5, 29),
(26, '2025-12-07', '2025-12-11', 2, 441.00, 84.00, 525.00, 32, 5, 30),
(27, '2025-12-07', '2025-12-11', 1, 294.00, 56.00, 350.00, 34, 5, 31),
(28, '2025-12-07', '2025-12-11', 1, 294.00, 56.00, 350.00, 35, 5, 32),
(29, '2025-12-07', '2025-12-11', 1, 210.00, 40.00, 250.00, 36, 6, 33),
(30, '2025-12-07', '2025-12-11', 1, 210.00, 40.00, 250.00, 37, 6, 34),
(31, '2025-12-06', '2025-12-11', 2, 315.00, 60.00, 375.00, 38, 6, 35),
(32, '2025-12-06', '2025-12-11', 1, 210.00, 40.00, 250.00, 40, 6, 36),
(33, '2025-12-06', '2025-12-11', 2, 420.00, 80.00, 500.00, 41, 6, 37),
(34, '2025-12-06', '2025-12-11', 1, 105.00, 20.00, 125.00, 43, 6, 38),
(35, '2025-12-06', '2025-12-11', 1, 294.00, 56.00, 350.00, 44, 7, 39),
(36, '2025-12-07', '2025-12-11', 1, 294.00, 56.00, 350.00, 45, 7, 40),
(37, '2025-12-07', '2025-12-11', 2, 294.00, 56.00, 350.00, 46, 7, 41),
(38, '2025-12-07', '2025-12-11', 1, 294.00, 56.00, 350.00, 48, 7, 42),
(39, '2025-12-07', '2025-12-11', 1, 294.00, 56.00, 350.00, 49, 7, 43),
(40, '2025-12-07', '2025-12-11', 1, 294.00, 56.00, 350.00, 50, 7, 44),
(41, '2025-12-06', '2025-12-11', 2, 210.00, 40.00, 250.00, 51, 8, 45),
(42, '2025-12-06', '2025-12-11', 1, 210.00, 40.00, 250.00, 53, 8, 46),
(43, '2025-12-06', '2025-12-11', 1, 210.00, 40.00, 250.00, 54, 8, 47),
(44, '2025-12-06', '2025-12-11', 1, 210.00, 40.00, 250.00, 55, 8, 48),
(45, '2025-12-06', '2025-12-11', 1, 210.00, 40.00, 250.00, 56, 8, 49),
(46, '2025-12-07', '2025-12-11', 1, 105.00, 20.00, 125.00, 57, 8, 50),
(47, '2025-12-07', '2025-12-11', 2, 315.00, 60.00, 375.00, 58, 9, 51),
(48, '2025-12-07', '2025-12-11', 2, 315.00, 60.00, 375.00, 60, 9, 52),
(49, '2025-12-07', '2025-12-11', 1, 210.00, 40.00, 250.00, 62, 9, 53),
(50, '2025-12-07', '2025-12-11', 1, 210.00, 40.00, 250.00, 63, 9, 54),
(51, '2025-12-06', '2025-12-11', 1, 210.00, 40.00, 250.00, 64, 9, 55),
(52, '2025-12-06', '2025-12-11', 2, 315.00, 60.00, 375.00, 65, 9, 56),
(53, '2025-12-06', '2025-12-11', 1, 63.00, 12.00, 75.00, 67, 10, 57),
(54, '2025-12-06', '2025-12-11', 1, 126.00, 24.00, 150.00, 68, 10, 58),
(55, '2025-12-06', '2025-12-11', 1, 126.00, 24.00, 150.00, 69, 10, 59),
(56, '2025-12-07', '2025-12-11', 2, 252.00, 48.00, 300.00, 70, 10, 60),
(57, '2025-12-07', '2025-12-11', 1, 126.00, 24.00, 150.00, 72, 10, 61),
(58, '2025-12-07', '2025-12-11', 1, 210.00, 40.00, 250.00, 73, 11, 62),
(59, '2025-12-07', '2025-12-11', 1, 210.00, 40.00, 250.00, 74, 11, 63),
(60, '2025-12-07', '2025-12-11', 1, 210.00, 40.00, 250.00, 75, 11, 64),
(61, '2025-12-06', '2025-12-11', 1, 210.00, 40.00, 250.00, 76, 11, 65),
(62, '2025-12-06', '2025-12-11', 1, 210.00, 40.00, 250.00, 77, 11, 66),
(63, '2025-12-06', '2025-12-11', 1, 210.00, 40.00, 250.00, 78, 11, 67),
(64, '2025-12-06', '2025-12-11', 1, 126.00, 24.00, 150.00, 79, 12, 68),
(65, '2025-12-06', '2025-12-11', 1, 126.00, 24.00, 150.00, 80, 12, 69),
(66, '2025-12-07', '2025-12-11', 1, 126.00, 24.00, 150.00, 81, 12, 70),
(67, '2025-12-07', '2025-12-11', 2, 126.00, 24.00, 150.00, 82, 12, 71),
(68, '2025-12-07', '2025-12-11', 1, 63.00, 12.00, 75.00, 84, 12, 72),
(69, '2025-12-07', '2025-12-11', 1, 126.00, 24.00, 150.00, 85, 12, 73),
(70, '2025-12-07', '2025-12-11', 1, 63.00, 12.00, 75.00, 86, 13, 74),
(71, '2025-12-06', '2025-12-11', 1, 126.00, 24.00, 150.00, 87, 13, 75),
(72, '2025-12-06', '2025-12-11', 1, 126.00, 24.00, 150.00, 88, 13, 76),
(73, '2025-12-06', '2025-12-11', 1, 126.00, 24.00, 150.00, 89, 13, 77),
(74, '2025-12-06', '2025-12-11', 1, 63.00, 12.00, 75.00, 90, 13, 78),
(75, '2025-12-06', '2025-12-11', 1, 126.00, 24.00, 150.00, 91, 13, 79),
(76, '2025-12-07', '2025-12-11', 1, 210.00, 40.00, 250.00, 92, 14, 80),
(77, '2025-12-07', '2025-12-11', 2, 315.00, 60.00, 375.00, 93, 14, 81),
(78, '2025-12-07', '2025-12-11', 1, 210.00, 40.00, 250.00, 95, 14, 82),
(79, '2025-12-07', '2025-12-11', 3, 567.00, 108.00, 675.00, 96, 14, 83),
(80, '2025-12-07', '2025-12-11', 1, 210.00, 40.00, 250.00, 99, 14, 84),
(81, '2025-12-06', '2025-12-11', 1, 210.00, 40.00, 250.00, 100, 14, 85),
(82, '2025-12-06', '2025-12-11', 2, 189.00, 36.00, 225.00, 101, 15, 86),
(83, '2025-12-06', '2025-12-11', 1, 126.00, 24.00, 150.00, 103, 15, 87),
(84, '2025-12-06', '2025-12-11', 1, 63.00, 12.00, 75.00, 104, 15, 88),
(85, '2025-12-06', '2025-12-11', 3, 315.00, 60.00, 375.00, 105, 15, 89),
(86, '2025-12-07', '2025-12-11', 1, 126.00, 24.00, 150.00, 108, 15, 90),
(87, '2025-12-07', '2025-12-11', 1, 126.00, 24.00, 150.00, 109, 15, 91),
(88, '2025-12-07', '2025-12-11', 1, 105.00, 20.00, 125.00, 110, 16, 92),
(89, '2025-12-07', '2025-12-11', 1, 210.00, 40.00, 250.00, 111, 16, 93),
(90, '2025-12-07', '2025-12-11', 1, 210.00, 40.00, 250.00, 112, 16, 94),
(91, '2025-12-06', '2025-12-11', 1, 210.00, 40.00, 250.00, 113, 16, 95),
(92, '2025-12-06', '2025-12-11', 1, 105.00, 20.00, 125.00, 114, 16, 96),
(93, '2025-12-06', '2025-12-11', 1, 210.00, 40.00, 250.00, 115, 16, 97),
(94, '2025-12-06', '2025-12-11', 1, 189.00, 36.00, 225.00, 116, 17, 98),
(95, '2025-12-06', '2025-12-11', 2, 567.00, 108.00, 675.00, 117, 17, 99),
(96, '2025-12-07', '2025-12-11', 1, 189.00, 36.00, 225.00, 119, 17, 100),
(97, '2025-12-07', '2025-12-11', 1, 378.00, 72.00, 450.00, 120, 17, 101),
(98, '2025-12-07', '2025-12-11', 1, 189.00, 36.00, 225.00, 121, 17, 102),
(99, '2025-12-07', '2025-12-11', 2, 567.00, 108.00, 675.00, 122, 17, 103),
(100, '2025-12-07', '2025-12-11', 2, 567.00, 108.00, 675.00, 124, 18, 104),
(101, '2025-12-06', '2025-12-11', 1, 378.00, 72.00, 450.00, 126, 18, 105),
(102, '2025-12-06', '2025-12-11', 2, 567.00, 108.00, 675.00, 127, 18, 106),
(103, '2025-12-06', '2025-12-11', 1, 378.00, 72.00, 450.00, 129, 18, 107),
(104, '2025-12-06', '2025-12-11', 1, 378.00, 72.00, 450.00, 130, 18, 108),
(105, '2025-12-06', '2025-12-11', 1, 378.00, 72.00, 450.00, 131, 18, 109),
(106, '2025-12-07', '2025-12-11', 1, 378.00, 72.00, 450.00, 132, 19, 110),
(107, '2025-12-07', '2025-12-11', 1, 378.00, 72.00, 450.00, 133, 19, 111),
(108, '2025-12-07', '2025-12-11', 1, 378.00, 72.00, 450.00, 134, 19, 112),
(109, '2025-12-07', '2025-12-11', 3, 756.00, 144.00, 900.00, 135, 19, 113),
(110, '2025-12-07', '2025-12-11', 1, 378.00, 72.00, 450.00, 138, 19, 114),
(111, '2025-12-06', '2025-12-11', 1, 462.00, 88.00, 550.00, 139, 20, 115),
(112, '2025-12-06', '2025-12-11', 1, 462.00, 88.00, 550.00, 140, 20, 116),
(113, '2025-12-06', '2025-12-11', 1, 231.00, 44.00, 275.00, 141, 20, 117),
(114, '2025-12-06', '2025-12-11', 1, 462.00, 88.00, 550.00, 142, 20, 118),
(115, '2025-12-06', '2025-12-11', 1, 231.00, 44.00, 275.00, 143, 20, 119),
(116, '2025-12-07', '2025-12-11', 1, 462.00, 88.00, 550.00, 144, 20, 120),
(117, '2025-12-07', '2025-12-11', 1, 378.00, 72.00, 450.00, 145, 21, 121),
(118, '2025-12-07', '2025-12-11', 2, 567.00, 108.00, 675.00, 146, 21, 122),
(119, '2025-12-07', '2025-12-11', 1, 378.00, 72.00, 450.00, 148, 21, 123),
(120, '2025-12-07', '2025-12-11', 3, 945.00, 180.00, 1125.00, 149, 21, 124),
(121, '2025-12-06', '2025-12-11', 1, 231.00, 44.00, 275.00, 152, 22, 125),
(122, '2025-12-06', '2025-12-11', 1, 462.00, 88.00, 550.00, 153, 22, 126),
(123, '2025-12-06', '2025-12-11', 2, 924.00, 176.00, 1100.00, 154, 22, 127),
(124, '2025-12-06', '2025-12-11', 1, 231.00, 44.00, 275.00, 156, 22, 128),
(125, '2025-12-06', '2025-12-11', 2, 567.00, 108.00, 675.00, 157, 23, 129),
(126, '2025-12-07', '2025-12-11', 3, 1386.00, 264.00, 1650.00, 159, 23, 130),
(127, '2025-12-07', '2025-12-11', 3, 1155.00, 220.00, 1375.00, 162, 23, 131),
(128, '2025-12-07', '2025-12-11', 1, 462.00, 88.00, 550.00, 165, 24, 132),
(129, '2025-12-07', '2025-12-11', 1, 462.00, 88.00, 550.00, 166, 24, 133),
(130, '2025-12-07', '2025-12-11', 1, 462.00, 88.00, 550.00, 167, 24, 134),
(131, '2025-12-06', '2025-12-11', 1, 231.00, 44.00, 275.00, 168, 24, 135),
(132, '2025-12-06', '2025-12-11', 2, 693.00, 132.00, 825.00, 169, 24, 136),
(133, '2025-12-06', '2025-12-11', 2, 924.00, 176.00, 1100.00, 171, 25, 137),
(134, '2025-12-06', '2025-12-11', 2, 924.00, 176.00, 1100.00, 173, 25, 138),
(135, '2025-12-06', '2025-12-11', 1, 462.00, 88.00, 550.00, 175, 25, 139),
(136, '2025-12-07', '2025-12-11', 2, 924.00, 176.00, 1100.00, 176, 25, 140),
(137, '2025-12-07', '2025-12-11', 1, 462.00, 88.00, 550.00, 178, 25, 141),
(138, '2025-12-07', '2025-12-11', 1, 378.00, 72.00, 450.00, 179, 26, 142),
(139, '2025-12-07', '2025-12-11', 2, 567.00, 108.00, 675.00, 180, 26, 143),
(140, '2025-12-07', '2025-12-11', 2, 567.00, 108.00, 675.00, 182, 26, 144),
(141, '2025-12-06', '2025-12-11', 1, 378.00, 72.00, 450.00, 184, 26, 145),
(142, '2025-12-06', '2025-12-11', 2, 168.00, 32.00, 200.00, 185, 27, 146),
(143, '2025-12-06', '2025-12-11', 2, 126.00, 24.00, 150.00, 187, 27, 147),
(144, '2025-12-06', '2025-12-11', 1, 84.00, 16.00, 100.00, 189, 27, 148),
(145, '2025-12-06', '2025-12-11', 1, 84.00, 16.00, 100.00, 190, 27, 149),
(146, '2025-12-07', '2025-12-11', 1, 84.00, 16.00, 100.00, 191, 28, 150),
(147, '2025-12-07', '2025-12-11', 1, 84.00, 16.00, 100.00, 192, 28, 151),
(148, '2025-12-07', '2025-12-11', 2, 84.00, 16.00, 100.00, 193, 28, 152),
(149, '2025-12-07', '2025-12-11', 1, 84.00, 16.00, 100.00, 195, 28, 153),
(150, '2025-12-07', '2025-12-11', 2, 126.00, 24.00, 150.00, 196, 28, 154),
(151, '2025-12-06', '2025-12-11', 1, 84.00, 16.00, 100.00, 198, 29, 155),
(152, '2025-12-06', '2025-12-11', 3, 252.00, 48.00, 300.00, 199, 29, 156),
(153, '2025-12-06', '2025-12-11', 2, 126.00, 24.00, 150.00, 202, 29, 157),
(154, '2025-12-06', '2025-12-11', 2, 168.00, 32.00, 200.00, 204, 30, 158),
(155, '2025-12-06', '2025-12-11', 2, 84.00, 16.00, 100.00, 206, 30, 159),
(156, '2025-12-07', '2025-12-11', 2, 168.00, 32.00, 200.00, 207, 30, 160),
(157, '2025-12-07', '2025-12-11', 1, 84.00, 16.00, 100.00, 210, 30, 161),
(158, '2025-12-07', '2025-12-11', 2, 126.00, 24.00, 150.00, 211, 31, 162),
(159, '2025-12-07', '2025-12-11', 3, 252.00, 48.00, 300.00, 213, 31, 163),
(160, '2025-12-07', '2025-12-11', 2, 168.00, 32.00, 200.00, 216, 31, 164),
(161, '2025-12-06', '2025-12-11', 2, 168.00, 32.00, 200.00, 218, 32, 165),
(162, '2025-12-06', '2025-12-11', 3, 210.00, 40.00, 250.00, 220, 32, 166),
(163, '2025-12-06', '2025-12-11', 2, 126.00, 24.00, 150.00, 223, 32, 167),
(164, '2025-12-06', '2025-12-11', 2, 84.00, 16.00, 100.00, 225, 33, 168),
(165, '2025-12-06', '2025-12-11', 2, 84.00, 16.00, 100.00, 227, 33, 169),
(166, '2025-12-07', '2025-12-11', 2, 63.00, 12.00, 75.00, 229, 33, 170),
(167, '2025-12-07', '2025-12-11', 3, 252.00, 48.00, 300.00, 231, 34, 171),
(168, '2025-12-07', '2025-12-11', 2, 252.00, 48.00, 300.00, 232, 34, 172),
(169, '2025-12-07', '2025-12-11', 2, 252.00, 48.00, 300.00, 233, 34, 173),
(170, '2025-12-07', '2025-12-11', 2, 252.00, 48.00, 300.00, 238, 35, 174),
(171, '2025-12-07', '2025-12-11', 2, 189.00, 36.00, 225.00, 240, 35, 175),
(172, '2025-12-07', '2025-12-11', 2, 189.00, 36.00, 225.00, 242, 35, 176),
(173, '2025-12-06', '2025-12-11', 2, 84.00, 16.00, 100.00, 244, 36, 177),
(174, '2025-12-06', '2025-12-11', 2, 84.00, 16.00, 100.00, 246, 36, 178),
(175, '2025-12-07', '2025-12-11', 2, 84.00, 16.00, 100.00, 248, 36, 179),
(176, '2025-12-07', '2025-12-11', 2, 84.00, 16.00, 100.00, 250, 36, 180),
(177, '2025-12-06', '2025-12-11', 3, 84.00, 16.00, 100.00, 252, 36, 181),
(178, '2025-12-06', '2025-12-11', 2, 63.00, 12.00, 75.00, 255, 36, 182);


-- 15. TABLA ASIENTO
CREATE TABLE asiento(
    clave VARCHAR(6) PRIMARY KEY,
    numero INT NOT NULL,
    ubicacion VARCHAR(7) NOT NULL,
    autobus INT NOT NULL
);

INSERT INTO asiento (clave, numero, ubicacion, autobus) VALUES
('100-01', 1, 'ventana', 100),
('100-02', 2, 'pasillo', 100),
('100-03', 3, 'pasillo', 100),
('100-04', 4, 'ventana', 100),
('100-05', 5, 'ventana', 100),
('100-06', 6, 'pasillo', 100),
('100-07', 7, 'pasillo', 100),
('100-08', 8, 'ventana', 100),
('100-09', 9, 'ventana', 100),
('100-10', 10, 'pasillo', 100),
('100-11', 11, 'pasillo', 100),
('100-12', 12, 'ventana', 100),
('100-13', 13, 'ventana', 100),
('100-14', 14, 'pasillo', 100),
('100-15', 15, 'pasillo', 100),
('100-16', 16, 'ventana', 100),
('100-17', 17, 'ventana', 100),
('100-18', 18, 'pasillo', 100),
('100-19', 19, 'pasillo', 100),
('100-20', 20, 'ventana', 100),
('100-21', 21, 'ventana', 100),
('100-22', 22, 'pasillo', 100),
('100-23', 23, 'pasillo', 100),
('100-24', 24, 'ventana', 100),
('100-25', 25, 'ventana', 100),
('100-26', 26, 'pasillo', 100),
('100-27', 27, 'pasillo', 100),
('100-28', 28, 'ventana', 100),
('100-29', 29, 'ventana', 100),
('100-30', 30, 'pasillo', 100),
('100-31', 31, 'pasillo', 100),
('100-32', 32, 'ventana', 100),
('100-33', 33, 'ventana', 100),
('100-34', 34, 'pasillo', 100),
('100-35', 35, 'pasillo', 100),
('100-36', 36, 'ventana', 100),
('100-37', 37, 'ventana', 100),
('100-38', 38, 'pasillo', 100),
('100-39', 39, 'pasillo', 100),
('100-40', 40, 'ventana', 100),
('100-41', 41, 'ventana', 100),
('100-42', 42, 'pasillo', 100),
('100-43', 43, 'pasillo', 100),
('100-44', 44, 'ventana', 100),
('104-01', 1, 'ventana', 104),
('104-02', 2, 'pasillo', 104),
('104-03', 3, 'pasillo', 104),
('104-04', 4, 'ventana', 104),
('104-05', 5, 'ventana', 104),
('104-06', 6, 'pasillo', 104),
('104-07', 7, 'pasillo', 104),
('104-08', 8, 'ventana', 104),
('104-09', 9, 'ventana', 104),
('104-10', 10, 'pasillo', 104),
('104-11', 11, 'pasillo', 104),
('104-12', 12, 'ventana', 104),
('104-13', 13, 'ventana', 104),
('104-14', 14, 'pasillo', 104),
('104-15', 15, 'pasillo', 104),
('104-16', 16, 'ventana', 104),
('104-17', 17, 'ventana', 104),
('104-18', 18, 'pasillo', 104),
('104-19', 19, 'pasillo', 104),
('104-20', 20, 'ventana', 104),
('104-21', 21, 'ventana', 104),
('104-22', 22, 'pasillo', 104),
('104-23', 23, 'pasillo', 104),
('104-24', 24, 'ventana', 104),
('104-25', 25, 'ventana', 104),
('104-26', 26, 'pasillo', 104),
('104-27', 27, 'pasillo', 104),
('104-28', 28, 'ventana', 104),
('104-29', 29, 'ventana', 104),
('104-30', 30, 'pasillo', 104),
('104-31', 31, 'pasillo', 104),
('104-32', 32, 'ventana', 104),
('104-33', 33, 'ventana', 104),
('104-34', 34, 'pasillo', 104),
('104-35', 35, 'pasillo', 104),
('104-36', 36, 'ventana', 104),
('104-37', 37, 'ventana', 104),
('104-38', 38, 'pasillo', 104),
('104-39', 39, 'pasillo', 104),
('104-40', 40, 'ventana', 104),
('104-41', 41, 'ventana', 104),
('104-42', 42, 'pasillo', 104),
('104-43', 43, 'pasillo', 104),
('104-44', 44, 'ventana', 104),
('106-01', 1, 'ventana', 106),
('106-02', 2, 'pasillo', 106),
('106-03', 3, 'pasillo', 106),
('106-04', 4, 'ventana', 106),
('106-05', 5, 'ventana', 106),
('106-06', 6, 'pasillo', 106),
('106-07', 7, 'pasillo', 106),
('106-08', 8, 'ventana', 106),
('106-09', 9, 'ventana', 106),
('106-10', 10, 'pasillo', 106),
('106-11', 11, 'pasillo', 106),
('106-12', 12, 'ventana', 106),
('106-13', 13, 'ventana', 106),
('106-14', 14, 'pasillo', 106),
('106-15', 15, 'pasillo', 106),
('106-16', 16, 'ventana', 106),
('106-17', 17, 'ventana', 106),
('106-18', 18, 'pasillo', 106),
('106-19', 19, 'pasillo', 106),
('106-20', 20, 'ventana', 106),
('106-21', 21, 'ventana', 106),
('106-22', 22, 'pasillo', 106),
('106-23', 23, 'pasillo', 106),
('106-24', 24, 'ventana', 106),
('106-25', 25, 'ventana', 106),
('106-26', 26, 'pasillo', 106),
('106-27', 27, 'pasillo', 106),
('106-28', 28, 'ventana', 106),
('106-29', 29, 'ventana', 106),
('106-30', 30, 'pasillo', 106),
('106-31', 31, 'pasillo', 106),
('106-32', 32, 'ventana', 106),
('106-33', 33, 'ventana', 106),
('106-34', 34, 'pasillo', 106),
('106-35', 35, 'pasillo', 106),
('106-36', 36, 'ventana', 106),
('106-37', 37, 'ventana', 106),
('106-38', 38, 'pasillo', 106),
('106-39', 39, 'pasillo', 106),
('106-40', 40, 'ventana', 106),
('106-41', 41, 'ventana', 106),
('106-42', 42, 'pasillo', 106),
('106-43', 43, 'pasillo', 106),
('106-44', 44, 'ventana', 106),
('118-01', 1, 'ventana', 118),
('118-02', 2, 'pasillo', 118),
('118-03', 3, 'pasillo', 118),
('118-04', 4, 'ventana', 118),
('118-05', 5, 'ventana', 118),
('118-06', 6, 'pasillo', 118),
('118-07', 7, 'pasillo', 118),
('118-08', 8, 'ventana', 118),
('118-09', 9, 'ventana', 118),
('118-10', 10, 'pasillo', 118),
('118-11', 11, 'pasillo', 118),
('118-12', 12, 'ventana', 118),
('118-13', 13, 'ventana', 118),
('118-14', 14, 'pasillo', 118),
('118-15', 15, 'pasillo', 118),
('118-16', 16, 'ventana', 118),
('118-17', 17, 'ventana', 118),
('118-18', 18, 'pasillo', 118),
('118-19', 19, 'pasillo', 118),
('118-20', 20, 'ventana', 118),
('118-21', 21, 'ventana', 118),
('118-22', 22, 'pasillo', 118),
('118-23', 23, 'pasillo', 118),
('118-24', 24, 'ventana', 118),
('118-25', 25, 'ventana', 118),
('118-26', 26, 'pasillo', 118),
('118-27', 27, 'pasillo', 118),
('118-28', 28, 'ventana', 118),
('118-29', 29, 'ventana', 118),
('118-30', 30, 'pasillo', 118),
('118-31', 31, 'pasillo', 118),
('118-32', 32, 'ventana', 118),
('118-33', 33, 'ventana', 118),
('118-34', 34, 'pasillo', 118),
('118-35', 35, 'pasillo', 118),
('118-36', 36, 'ventana', 118),
('118-37', 37, 'ventana', 118),
('118-38', 38, 'pasillo', 118),
('118-39', 39, 'pasillo', 118),
('118-40', 40, 'ventana', 118),
('118-41', 41, 'ventana', 118),
('118-42', 42, 'pasillo', 118),
('118-43', 43, 'pasillo', 118),
('118-44', 44, 'ventana', 118),
('130-01', 1, 'ventana', 130),
('130-02', 2, 'pasillo', 130),
('130-03', 3, 'pasillo', 130),
('130-04', 4, 'ventana', 130),
('130-05', 5, 'ventana', 130),
('130-06', 6, 'pasillo', 130),
('130-07', 7, 'pasillo', 130),
('130-08', 8, 'ventana', 130),
('130-09', 9, 'ventana', 130),
('130-10', 10, 'pasillo', 130),
('130-11', 11, 'pasillo', 130),
('130-12', 12, 'ventana', 130),
('130-13', 13, 'ventana', 130),
('130-14', 14, 'pasillo', 130),
('130-15', 15, 'pasillo', 130),
('130-16', 16, 'ventana', 130),
('130-17', 17, 'ventana', 130),
('130-18', 18, 'pasillo', 130),
('130-19', 19, 'pasillo', 130),
('130-20', 20, 'ventana', 130),
('130-21', 21, 'ventana', 130),
('130-22', 22, 'pasillo', 130),
('130-23', 23, 'pasillo', 130),
('130-24', 24, 'ventana', 130),
('130-25', 25, 'ventana', 130),
('130-26', 26, 'pasillo', 130),
('130-27', 27, 'pasillo', 130),
('130-28', 28, 'ventana', 130),
('130-29', 29, 'ventana', 130),
('130-30', 30, 'pasillo', 130),
('130-31', 31, 'pasillo', 130),
('130-32', 32, 'ventana', 130),
('130-33', 33, 'ventana', 130),
('130-34', 34, 'pasillo', 130),
('130-35', 35, 'pasillo', 130),
('130-36', 36, 'ventana', 130),
('130-37', 37, 'ventana', 130),
('130-38', 38, 'pasillo', 130),
('130-39', 39, 'pasillo', 130),
('130-40', 40, 'ventana', 130),
('130-41', 41, 'ventana', 130),
('130-42', 42, 'pasillo', 130),
('130-43', 43, 'pasillo', 130),
('130-44', 44, 'ventana', 130),
('164-01', 1, 'ventana', 164),
('164-02', 2, 'pasillo', 164),
('164-03', 3, 'pasillo', 164),
('164-04', 4, 'ventana', 164),
('164-05', 5, 'ventana', 164),
('164-06', 6, 'pasillo', 164),
('164-07', 7, 'pasillo', 164),
('164-08', 8, 'ventana', 164),
('164-09', 9, 'ventana', 164),
('164-10', 10, 'pasillo', 164),
('164-11', 11, 'pasillo', 164),
('164-12', 12, 'ventana', 164),
('164-13', 13, 'ventana', 164),
('164-14', 14, 'pasillo', 164),
('164-15', 15, 'pasillo', 164),
('164-16', 16, 'ventana', 164),
('164-17', 17, 'ventana', 164),
('164-18', 18, 'pasillo', 164),
('164-19', 19, 'pasillo', 164),
('164-20', 20, 'ventana', 164),
('164-21', 21, 'ventana', 164),
('164-22', 22, 'pasillo', 164),
('164-23', 23, 'pasillo', 164),
('164-24', 24, 'ventana', 164),
('164-25', 25, 'ventana', 164),
('164-26', 26, 'pasillo', 164),
('164-27', 27, 'pasillo', 164),
('164-28', 28, 'ventana', 164),
('164-29', 29, 'ventana', 164),
('164-30', 30, 'pasillo', 164),
('164-31', 31, 'pasillo', 164),
('164-32', 32, 'ventana', 164),
('164-33', 33, 'ventana', 164),
('164-34', 34, 'pasillo', 164),
('164-35', 35, 'pasillo', 164),
('164-36', 36, 'ventana', 164),
('164-37', 37, 'ventana', 164),
('164-38', 38, 'pasillo', 164),
('164-39', 39, 'pasillo', 164),
('164-40', 40, 'ventana', 164),
('164-41', 41, 'ventana', 164),
('164-42', 42, 'pasillo', 164),
('164-43', 43, 'pasillo', 164),
('164-44', 44, 'ventana', 164),
('170-01', 1, 'ventana', 170),
('170-02', 2, 'pasillo', 170),
('170-03', 3, 'pasillo', 170),
('170-04', 4, 'ventana', 170),
('170-05', 5, 'ventana', 170),
('170-06', 6, 'pasillo', 170),
('170-07', 7, 'pasillo', 170),
('170-08', 8, 'ventana', 170),
('170-09', 9, 'ventana', 170),
('170-10', 10, 'pasillo', 170),
('170-11', 11, 'pasillo', 170),
('170-12', 12, 'ventana', 170),
('170-13', 13, 'ventana', 170),
('170-14', 14, 'pasillo', 170),
('170-15', 15, 'pasillo', 170),
('170-16', 16, 'ventana', 170),
('170-17', 17, 'ventana', 170),
('170-18', 18, 'pasillo', 170),
('170-19', 19, 'pasillo', 170),
('170-20', 20, 'ventana', 170),
('170-21', 21, 'ventana', 170),
('170-22', 22, 'pasillo', 170),
('170-23', 23, 'pasillo', 170),
('170-24', 24, 'ventana', 170),
('170-25', 25, 'ventana', 170),
('170-26', 26, 'pasillo', 170),
('170-27', 27, 'pasillo', 170),
('170-28', 28, 'ventana', 170),
('170-29', 29, 'ventana', 170),
('170-30', 30, 'pasillo', 170),
('170-31', 31, 'pasillo', 170),
('170-32', 32, 'ventana', 170),
('170-33', 33, 'ventana', 170),
('170-34', 34, 'pasillo', 170),
('170-35', 35, 'pasillo', 170),
('170-36', 36, 'ventana', 170),
('170-37', 37, 'ventana', 170),
('170-38', 38, 'pasillo', 170),
('170-39', 39, 'pasillo', 170),
('170-40', 40, 'ventana', 170),
('170-41', 41, 'ventana', 170),
('170-42', 42, 'pasillo', 170),
('170-43', 43, 'pasillo', 170),
('170-44', 44, 'ventana', 170),
('181-01', 1, 'ventana', 181),
('181-02', 2, 'pasillo', 181),
('181-03', 3, 'pasillo', 181),
('181-04', 4, 'ventana', 181),
('181-05', 5, 'ventana', 181),
('181-06', 6, 'pasillo', 181),
('181-07', 7, 'pasillo', 181),
('181-08', 8, 'ventana', 181),
('181-09', 9, 'ventana', 181),
('181-10', 10, 'pasillo', 181),
('181-11', 11, 'pasillo', 181),
('181-12', 12, 'ventana', 181),
('181-13', 13, 'ventana', 181),
('181-14', 14, 'pasillo', 181),
('181-15', 15, 'pasillo', 181),
('181-16', 16, 'ventana', 181),
('181-17', 17, 'ventana', 181),
('181-18', 18, 'pasillo', 181),
('181-19', 19, 'pasillo', 181),
('181-20', 20, 'ventana', 181),
('181-21', 21, 'ventana', 181),
('181-22', 22, 'pasillo', 181),
('181-23', 23, 'pasillo', 181),
('181-24', 24, 'ventana', 181),
('181-25', 25, 'ventana', 181),
('181-26', 26, 'pasillo', 181),
('181-27', 27, 'pasillo', 181),
('181-28', 28, 'ventana', 181),
('181-29', 29, 'ventana', 181),
('181-30', 30, 'pasillo', 181),
('181-31', 31, 'pasillo', 181),
('181-32', 32, 'ventana', 181),
('181-33', 33, 'ventana', 181),
('181-34', 34, 'pasillo', 181),
('181-35', 35, 'pasillo', 181),
('181-36', 36, 'ventana', 181),
('181-37', 37, 'ventana', 181),
('181-38', 38, 'pasillo', 181),
('181-39', 39, 'pasillo', 181),
('181-40', 40, 'ventana', 181),
('181-41', 41, 'ventana', 181),
('181-42', 42, 'pasillo', 181),
('181-43', 43, 'pasillo', 181),
('181-44', 44, 'ventana', 181),
('502-01', 1, 'ventana', 502),
('502-02', 2, 'pasillo', 502),
('502-03', 3, 'pasillo', 502),
('502-04', 4, 'ventana', 502),
('502-05', 5, 'ventana', 502),
('502-06', 6, 'pasillo', 502),
('502-07', 7, 'pasillo', 502),
('502-08', 8, 'ventana', 502),
('502-09', 9, 'ventana', 502),
('502-10', 10, 'pasillo', 502),
('502-11', 11, 'pasillo', 502),
('502-12', 12, 'ventana', 502),
('502-13', 13, 'ventana', 502),
('502-14', 14, 'pasillo', 502),
('502-15', 15, 'pasillo', 502),
('502-16', 16, 'ventana', 502),
('502-17', 17, 'ventana', 502),
('502-18', 18, 'pasillo', 502),
('502-19', 19, 'pasillo', 502),
('502-20', 20, 'ventana', 502),
('502-21', 21, 'ventana', 502),
('502-22', 22, 'pasillo', 502),
('502-23', 23, 'pasillo', 502),
('502-24', 24, 'ventana', 502),
('502-25', 25, 'ventana', 502),
('502-26', 26, 'pasillo', 502),
('502-27', 27, 'pasillo', 502),
('502-28', 28, 'ventana', 502),
('502-29', 29, 'ventana', 502),
('502-30', 30, 'pasillo', 502),
('502-31', 31, 'pasillo', 502),
('502-32', 32, 'ventana', 502),
('502-33', 33, 'ventana', 502),
('502-34', 34, 'pasillo', 502),
('509-01', 1, 'ventana', 509),
('509-02', 2, 'pasillo', 509),
('509-03', 3, 'pasillo', 509),
('509-04', 4, 'ventana', 509),
('509-05', 5, 'ventana', 509),
('509-06', 6, 'pasillo', 509),
('509-07', 7, 'pasillo', 509),
('509-08', 8, 'ventana', 509),
('509-09', 9, 'ventana', 509),
('509-10', 10, 'pasillo', 509),
('509-11', 11, 'pasillo', 509),
('509-12', 12, 'ventana', 509),
('509-13', 13, 'ventana', 509),
('509-14', 14, 'pasillo', 509),
('509-15', 15, 'pasillo', 509),
('509-16', 16, 'ventana', 509),
('509-17', 17, 'ventana', 509),
('509-18', 18, 'pasillo', 509),
('509-19', 19, 'pasillo', 509),
('509-20', 20, 'ventana', 509),
('509-21', 21, 'ventana', 509),
('509-22', 22, 'pasillo', 509),
('509-23', 23, 'pasillo', 509),
('509-24', 24, 'ventana', 509),
('509-25', 25, 'ventana', 509),
('509-26', 26, 'pasillo', 509),
('509-27', 27, 'pasillo', 509),
('509-28', 28, 'ventana', 509),
('509-29', 29, 'ventana', 509),
('509-30', 30, 'pasillo', 509),
('509-31', 31, 'pasillo', 509),
('509-32', 32, 'ventana', 509),
('509-33', 33, 'ventana', 509),
('509-34', 34, 'pasillo', 509),
('520-01', 1, 'ventana', 520),
('520-02', 2, 'pasillo', 520),
('520-03', 3, 'pasillo', 520),
('520-04', 4, 'ventana', 520),
('520-05', 5, 'ventana', 520),
('520-06', 6, 'pasillo', 520),
('520-07', 7, 'pasillo', 520),
('520-08', 8, 'ventana', 520),
('520-09', 9, 'ventana', 520),
('520-10', 10, 'pasillo', 520),
('520-11', 11, 'pasillo', 520),
('520-12', 12, 'ventana', 520),
('520-13', 13, 'ventana', 520),
('520-14', 14, 'pasillo', 520),
('520-15', 15, 'pasillo', 520),
('520-16', 16, 'ventana', 520),
('520-17', 17, 'ventana', 520),
('520-18', 18, 'pasillo', 520),
('520-19', 19, 'pasillo', 520),
('520-20', 20, 'ventana', 520),
('520-21', 21, 'ventana', 520),
('520-22', 22, 'pasillo', 520),
('520-23', 23, 'pasillo', 520),
('520-24', 24, 'ventana', 520),
('520-25', 25, 'ventana', 520),
('520-26', 26, 'pasillo', 520),
('520-27', 27, 'pasillo', 520),
('520-28', 28, 'ventana', 520),
('520-29', 29, 'ventana', 520),
('520-30', 30, 'pasillo', 520),
('520-31', 31, 'pasillo', 520),
('520-32', 32, 'ventana', 520),
('520-33', 33, 'ventana', 520),
('520-34', 34, 'pasillo', 520),
('581-01', 1, 'ventana', 581),
('581-02', 2, 'pasillo', 581),
('581-03', 3, 'pasillo', 581),
('581-04', 4, 'ventana', 581),
('581-05', 5, 'ventana', 581),
('581-06', 6, 'pasillo', 581),
('581-07', 7, 'pasillo', 581),
('581-08', 8, 'ventana', 581),
('581-09', 9, 'ventana', 581),
('581-10', 10, 'pasillo', 581),
('581-11', 11, 'pasillo', 581),
('581-12', 12, 'ventana', 581),
('581-13', 13, 'ventana', 581),
('581-14', 14, 'pasillo', 581),
('581-15', 15, 'pasillo', 581),
('581-16', 16, 'ventana', 581),
('581-17', 17, 'ventana', 581),
('581-18', 18, 'pasillo', 581),
('581-19', 19, 'pasillo', 581),
('581-20', 20, 'ventana', 581),
('581-21', 21, 'ventana', 581),
('581-22', 22, 'pasillo', 581),
('581-23', 23, 'pasillo', 581),
('581-24', 24, 'ventana', 581),
('581-25', 25, 'ventana', 581),
('581-26', 26, 'pasillo', 581),
('581-27', 27, 'pasillo', 581),
('581-28', 28, 'ventana', 581),
('581-29', 29, 'ventana', 581),
('581-30', 30, 'pasillo', 581),
('581-31', 31, 'pasillo', 581),
('581-32', 32, 'ventana', 581),
('581-33', 33, 'ventana', 581),
('581-34', 34, 'pasillo', 581);

-- 16. TABLA ASIENTO_RESERVACION
CREATE TABLE asiento_reservacion(
    asiento VARCHAR(6) NOT NULL,
    reservacion INT NOT NULL,
    PRIMARY KEY (asiento, reservacion)
);

INSERT INTO asiento_reservacion (asiento, reservacion) VALUES
('100-01', 1),
('100-02', 1),
('100-03', 2),
('100-04', 3),
('100-05', 4),
('100-06', 5),
('502-01', 6),
('502-02', 7),
('502-03', 8),
('502-04', 9),
('502-05', 9),
('502-06', 10),
('502-07', 10),
('502-08', 11),
('100-01', 12),
('100-02', 12),
('100-03', 13),
('100-04', 14),
('100-05', 15),
('100-06', 16),
('502-01', 17),
('502-02', 17),
('502-03', 18),
('502-04', 19),
('502-05', 20),
('502-06', 21),
('502-07', 22),
('502-08', 22),
('502-01', 23),
('502-02', 24),
('502-03', 25),
('502-04', 26),
('502-05', 26),
('502-06', 27),
('502-07', 28),
('100-01', 29),
('100-02', 30),
('100-03', 31),
('100-04', 31),
('100-05', 32),
('100-06', 33),
('100-07', 33),
('100-08', 34),
('502-01', 35),
('502-02', 36),
('502-03', 37),
('502-04', 37),
('502-05', 38),
('502-06', 39),
('502-07', 40),
('100-01', 41),
('100-02', 41),
('100-03', 42),
('100-04', 43),
('100-05', 44),
('100-06', 45),
('100-07', 46),
('509-01', 47),
('509-02', 47),
('509-03', 48),
('509-04', 48),
('509-05', 49),
('509-06', 50),
('509-07', 51),
('509-08', 52),
('509-09', 52),
('104-01', 53),
('104-02', 54),
('104-03', 55),
('104-04', 56),
('104-05', 56),
('104-06', 57),
('509-01', 58),
('509-02', 59),
('509-03', 60),
('509-04', 61),
('509-05', 62),
('509-06', 63),
('104-01', 64),
('104-02', 65),
('104-03', 66),
('104-04', 67),
('104-05', 67),
('104-06', 68),
('104-07', 69),
('104-01', 70),
('104-02', 71),
('104-03', 72),
('104-04', 73),
('104-05', 74),
('104-06', 75),
('509-01', 76),
('509-02', 77),
('509-03', 77),
('509-04', 78),
('509-05', 79),
('509-06', 79),
('509-07', 79),
('509-08', 80),
('509-09', 81),
('104-01', 82),
('104-02', 82),
('104-03', 83),
('104-04', 84),
('104-05', 85),
('104-06', 85),
('104-07', 85),
('104-08', 86),
('104-09', 87),
('509-01', 88),
('509-02', 89),
('509-03', 90),
('509-04', 91),
('509-05', 92),
('509-06', 93),
('106-01', 94),
('106-02', 95),
('106-03', 95),
('106-04', 96),
('106-05', 97),
('106-06', 98),
('106-07', 99),
('106-08', 99),
('106-01', 100),
('106-02', 100),
('106-03', 101),
('106-04', 102),
('106-05', 102),
('106-06', 103),
('106-07', 104),
('106-08', 105),
('164-01', 106),
('164-02', 107),
('164-03', 108),
('164-04', 109),
('164-05', 109),
('164-06', 109),
('164-07', 110),
('581-01', 111),
('581-02', 112),
('581-03', 113),
('581-04', 114),
('581-05', 115),
('581-06', 116),
('164-01', 117),
('164-02', 118),
('164-03', 118),
('164-04', 119),
('164-05', 120),
('164-06', 120),
('164-07', 120),
('581-01', 121),
('581-02', 122),
('581-03', 123),
('581-04', 123),
('581-05', 124),
('170-01', 125),
('170-02', 125),
('170-03', 126),
('170-04', 126),
('170-05', 126),
('170-06', 127),
('170-07', 127),
('170-08', 127),
('520-01', 128),
('520-02', 129),
('520-03', 130),
('520-04', 131),
('520-05', 132),
('520-06', 132),
('520-01', 133),
('520-02', 133),
('520-03', 134),
('520-04', 134),
('520-05', 135),
('520-06', 136),
('520-07', 136),
('520-08', 137),
('170-01', 138),
('170-02', 139),
('170-03', 139),
('170-04', 140),
('170-05', 140),
('170-06', 141),
('118-01', 142),
('118-02', 142),
('118-03', 143),
('118-04', 143),
('118-05', 144),
('118-06', 145),
('118-07', 146),
('118-08', 147),
('118-09', 148),
('118-10', 148),
('118-11', 149),
('118-12', 150),
('118-13', 150),
('118-14', 151),
('118-15', 152),
('118-16', 152),
('118-17', 152),
('118-18', 153),
('118-19', 153),
('118-20', 154),
('118-21', 154),
('118-22', 155),
('118-23', 155),
('118-24', 156),
('118-25', 156),
('118-26', 157),
('130-01', 158),
('130-02', 158),
('130-03', 159),
('130-04', 159),
('130-05', 159),
('130-06', 160),
('130-07', 160),
('130-08', 161),
('130-09', 161),
('130-10', 162),
('130-11', 162),
('130-12', 162),
('130-13', 163),
('130-14', 163),
('181-01', 164),
('181-02', 164),
('181-03', 165),
('181-04', 165),
('181-05', 166),
('181-06', 166),
('181-07', 167),
('181-08', 167),
('181-09', 167),
('181-10', 168),
('181-11', 168),
('181-12', 169),
('181-13', 169),
('181-12', 170),
('181-13', 170),
('181-14', 171),
('181-15', 171),
('181-16', 172),
('181-17', 172),
('181-18', 173),
('181-19', 173),
('181-20', 174),
('181-21', 174),
('181-22', 175),
('181-23', 175),
('181-24', 176),
('181-25', 176),
('181-26', 177),
('181-27', 177),
('181-28', 177),
('181-29', 178),
('181-30', 178);

-- 17. TABLA BOLETO
CREATE TABLE boleto(
    numero INT AUTO_INCREMENT PRIMARY KEY,
    precio FLOAT NOT NULL,
    asiento VARCHAR(6) NOT NULL,
    pasajero INT NOT NULL,
    tipoPasajero VARCHAR(4) NOT NULL,
    corrida INT NOT NULL
);

INSERT INTO boleto (precio, asiento, pasajero, tipoPasajero, corrida) VALUES
(250, '100-01', 1, 'REGU', 1),
(250, '100-02', 2, 'REGU', 1),
(125, '100-03', 3, 'ADUL', 1),
(250, '100-04', 4, 'REGU', 1),
(250, '100-05', 5, 'REGU', 1),
(125, '100-06', 6, 'ADUL', 1),
(350, '502-01', 7, 'REGU', 2),
(350, '502-02', 8, 'REGU', 2),
(175, '502-03', 9, 'ADUL', 2),
(350, '502-04', 10, 'REGU', 2),
(350, '502-05', 11, 'REGU', 2),
(350, '502-06', 12, 'REGU', 2),
(350, '502-07', 13, 'REGU', 2),
(350, '502-08', 14, 'REGU', 2),
(250, '100-01', 15, 'REGU', 3),
(125, '100-02', 16, 'NINO', 3),
(250, '100-03', 17, 'REGU', 3),
(250, '100-04', 18, 'REGU', 3),
(250, '100-05', 19, 'REGU', 3),
(250, '100-06', 20, 'REGU', 3),
(350, '502-01', 21, 'REGU', 4),
(175, '502-02', 22, 'NINO', 4),
(350, '502-03', 23, 'REGU', 4),
(350, '502-04', 24, 'REGU', 4),
(350, '502-05', 25, 'REGU', 4),
(175, '502-06', 26, 'ADUL', 4),
(350, '502-07', 27, 'REGU', 4),
(175, '502-08', 28, 'NINO', 4),
(175, '502-01', 29, 'ADUL', 5),
(350, '502-02', 30, 'REGU', 5),
(350, '502-03', 31, 'REGU', 5),
(350, '502-04', 32, 'REGU', 5),
(175, '502-05', 33, 'ADUL', 5),
(175, '502-06', 34, 'ADUL', 5),
(350, '502-07', 35, 'REGU', 5),
(250, '100-01', 36, 'REGU', 6),
(250, '100-02', 37, 'REGU', 6),
(250, '100-03', 38, 'REGU', 6),
(125, '100-04', 39, 'NINO', 6),
(250, '100-05', 40, 'REGU', 6),
(250, '100-06', 41, 'REGU', 6),
(250, '100-07', 42, 'REGU', 6),
(125, '100-08', 43, 'ADUL', 6),
(350, '502-01', 44, 'REGU', 7),
(350, '502-02', 45, 'REGU', 7),
(175, '502-03', 46, 'ADUL', 7),
(175, '502-04', 47, 'NINO', 7),
(350, '502-05', 48, 'REGU', 7),
(350, '502-06', 49, 'REGU', 7),
(350, '502-07', 50, 'REGU', 7),
(125, '100-01', 51, 'ADUL', 8),
(125, '100-02', 52, 'NINO', 8),
(250, '100-03', 53, 'REGU', 8),
(250, '100-04', 54, 'REGU', 8),
(250, '100-05', 55, 'REGU', 8),
(250, '100-06', 56, 'REGU', 8),
(125, '100-07', 57, 'ADUL', 8),
(250, '509-01', 58, 'REGU', 9),
(125, '509-02', 59, 'NINO', 9),
(250, '509-03', 60, 'REGU', 9),
(125, '509-04', 61, 'NINO', 9),
(250, '509-05', 62, 'REGU', 9),
(250, '509-06', 63, 'REGU', 9),
(250, '509-07', 64, 'REGU', 9),
(250, '509-08', 65, 'REGU', 9),
(125, '509-09', 66, 'NINO', 9),
(75, '104-01', 67, 'ADUL', 10),
(150, '104-02', 68, 'REGU', 10),
(150, '104-03', 69, 'REGU', 10),
(150, '104-04', 70, 'REGU', 10),
(150, '104-05', 71, 'REGU', 10),
(150, '104-06', 72, 'REGU', 10),
(250, '509-01', 73, 'REGU', 11),
(250, '509-02', 74, 'REGU', 11),
(250, '509-03', 75, 'REGU', 11),
(250, '509-04', 76, 'REGU', 11),
(250, '509-05', 77, 'REGU', 11),
(250, '509-06', 78, 'REGU', 11),
(150, '104-01', 79, 'REGU', 12),
(150, '104-02', 80, 'REGU', 12),
(150, '104-03', 81, 'REGU', 12),
(75, '104-04', 82, 'ADUL', 12),
(75, '104-05', 83, 'NINO', 12),
(150, '104-06', 84, 'ADUL', 12),
(150, '104-07', 85, 'REGU', 12),
(75, '104-01', 86, 'ADUL', 13),
(150, '104-02', 87, 'REGU', 13),
(150, '104-03', 88, 'REGU', 13),
(150, '104-04', 89, 'REGU', 13),
(75, '104-05', 90, 'ADUL', 13),
(150, '104-06', 91, 'REGU', 13),
(250, '509-01', 92, 'REGU', 14),
(250, '509-02', 93, 'REGU', 14),
(125, '509-03', 94, 'NINO', 14),
(250, '509-04', 95, 'REGU', 14),
(250, '509-05', 96, 'REGU', 14),
(150, '509-06', 97, 'ADUL', 14),
(250, '509-07', 98, 'REGU', 14),
(250, '509-08', 99, 'REGU', 14),
(250, '509-09', 100, 'REGU', 14),
(150, '104-01', 101, 'REGU', 15),
(75, '104-02', 102, 'NINO', 15),
(150, '104-03', 103, 'REGU', 15),
(75, '104-04', 104, 'ADUL', 15),
(150, '104-05', 105, 'REGU', 15),
(150, '104-06', 106, 'REGU', 15),
(75, '104-07', 107, 'NINO', 15),
(150, '104-08', 108, 'REGU', 15),
(150, '104-09', 109, 'REGU', 15),
(125, '509-01', 110, 'ADUL', 16),
(250, '509-02', 111, 'REGU', 16),
(250, '509-03', 112, 'REGU', 16),
(250, '509-04', 113, 'REGU', 16),
(125, '509-05', 114, 'ADUL', 16),
(250, '509-06', 115, 'REGU', 16),
(225, '106-01', 116, 'ADUL', 17),
(450, '106-02', 117, 'REGU', 17),
(225, '106-03', 118, 'NINO', 17),
(225, '106-04', 119, 'ADUL', 17),
(450, '106-05', 120, 'REGU', 17),
(225, '106-06', 121, 'ADUL', 17),
(450, '106-07', 122, 'REGU', 17),
(225, '106-08', 123, 'NINO', 17),
(450, '106-01', 124, 'REGU', 18),
(225, '106-02', 125, 'ADUL', 18),
(450, '106-03', 126, 'REGU', 18),
(450, '106-04', 127, 'REGU', 18),
(225, '106-05', 128, 'ADUL', 18),
(450, '106-06', 129, 'REGU', 18),
(450, '106-07', 130, 'REGU', 18),
(450, '106-08', 131, 'REGU', 18),
(450, '164-01', 132, 'REGU', 19),
(450, '164-02', 133, 'REGU', 19),
(450, '164-03', 134, 'REGU', 19),
(450, '164-04', 135, 'REGU', 19),
(225, '164-05', 136, 'NINO', 19),
(225, '164-06', 137, 'ADUL', 19),
(450, '164-07', 138, 'REGU', 19),
(550, '581-01', 139, 'REGU', 20),
(550, '581-02', 140, 'REGU', 20),
(550, '581-03', 141, 'ADUL', 20),
(550, '581-04', 142, 'REGU', 20),
(550, '581-05', 143, 'ADUL', 20),
(550, '581-06', 144, 'REGU', 20),
(450, '164-01', 145, 'REGU', 21),
(450, '164-02', 146, 'REGU', 21),
(450, '164-03', 147, 'NINO', 21),
(450, '164-04', 148, 'REGU', 21),
(450, '164-05', 149, 'REGU', 21),
(450, '164-06', 150, 'ADUL', 21),
(450, '164-07', 151, 'REGU', 21),
(550, '581-01', 152, 'ADUL', 22),
(550, '581-02', 153, 'REGU', 22),
(550, '581-03', 154, 'REGU', 22),
(550, '581-04', 155, 'REGU', 22),
(550, '581-05', 156, 'ADUL', 22),
(450, '170-01', 157, 'REGU', 23),
(450, '170-02', 158, 'NINO', 23),
(450, '170-03', 159, 'REGU', 23),
(450, '170-04', 160, 'REGU', 23),
(450, '170-05', 161, 'REGU', 23),
(450, '170-06', 162, 'REGU', 23),
(450, '170-07', 163, 'REGU', 23),
(450, '170-08', 164, 'ADUL', 23),
(550, '520-01', 165, 'REGU', 24),
(550, '520-02', 166, 'REGU', 24),
(550, '520-03', 167, 'REGU', 24),
(550, '520-04', 168, 'ADUL', 24),
(550, '520-05', 169, 'REGU', 24),
(550, '520-06', 170, 'NINO', 24),
(550, '520-01', 171, 'REGU', 25),
(550, '520-02', 172, 'REGU', 25),
(550, '520-03', 173, 'REGU', 25),
(550, '520-04', 174, 'REGU', 25),
(550, '520-05', 175, 'REGU', 25),
(550, '520-06', 176, 'REGU', 25),
(550, '520-07', 177, 'REGU', 25),
(550, '520-08', 178, 'REGU', 25),
(450, '170-01', 179, 'REGU', 26),
(450, '170-02', 180, 'REGU', 26),
(450, '170-03', 181, 'ADUL', 26),
(450, '170-04', 182, 'REGU', 26),
(450, '170-05', 183, 'ADUL', 26),
(450, '170-06', 184, 'REGU', 26),
(100, '118-01', 185, 'REGU', 27),
(100, '118-02', 186, 'REGU', 27),
(100, '118-03', 187, 'REGU', 27),
(100, '118-04', 188, 'ADUL', 27),
(100, '118-05', 189, 'REGU', 27),
(100, '118-06', 190, 'REGU', 27),
(100, '118-01', 191, 'REGU', 28),
(100, '118-02', 192, 'REGU', 28),
(100, '118-03', 193, 'ADUL', 28),
(100, '118-04', 194, 'NINO', 28),
(100, '118-05', 195, 'REGU', 28),
(100, '118-06', 196, 'REGU', 28),
(100, '118-07', 197, 'ADUL', 28),
(100, '118-01', 198, 'REGU', 29),
(100, '118-02', 199, 'REGU', 29),
(100, '118-03', 200, 'REGU', 29),
(100, '118-04', 201, 'REGU', 29),
(100, '118-05', 202, 'REGU', 29),
(100, '118-06', 203, 'NINO', 29),
(100, '118-01', 204, 'REGU', 30),
(100, '118-02', 205, 'REGU', 30),
(100, '118-03', 206, 'ADUL', 30),
(100, '118-04', 207, 'ADUL', 30),
(100, '118-05', 208, 'REGU', 30),
(100, '118-06', 209, 'REGU', 30),
(100, '118-07', 210, 'REGU', 30),
(100, '130-01', 211, 'REGU', 31),
(100, '130-02', 212, 'NINO', 31),
(100, '130-03', 213, 'REGU', 31),
(100, '130-04', 214, 'REGU', 31),
(100, '130-05', 215, 'REGU', 31),
(100, '130-06', 216, 'REGU', 31),
(100, '130-07', 217, 'REGU', 31),
(100, '130-01', 218, 'REGU', 32),
(100, '130-02', 219, 'REGU', 32),
(100, '130-03', 220, 'REGU', 32),
(100, '130-04', 221, 'REGU', 32),
(100, '130-05', 222, 'NINO', 32),
(100, '130-06', 223, 'REGU', 32),
(100, '130-07', 224, 'ADUL', 32),
(50, '181-01', 225, 'REGU', 33),
(50, '181-02', 226, 'REGU', 33),
(50, '181-03', 227, 'REGU', 33),
(50, '181-04', 228, 'REGU', 33),
(50, '181-05', 229, 'ADUL', 33),
(50, '181-06', 230, 'REGU', 33),
(150, '181-01', 231, 'REGU', 34),
(150, '181-02', 232, 'ADUL', 34),
(150, '181-03', 233, 'NINO', 34),
(150, '181-04', 234, 'REGU', 34),
(150, '181-05', 235, 'REGU', 34),
(150, '181-06', 236, 'REGU', 34),
(150, '181-07', 237, 'REGU', 34),
(150, '181-01', 238, 'REGU', 35),
(150, '181-02', 239, 'REGU', 35),
(150, '181-03', 240, 'ADUL', 35),
(150, '181-04', 241, 'REGU', 35),
(150, '181-05', 242, 'ADUL', 35),
(150, '181-06', 243, 'REGU', 35),
(50, '181-01', 244, 'REGU', 36),
(50, '181-02', 245, 'REGU', 36),
(50, '181-03', 246, 'REGU', 36),
(50, '181-04', 247, 'REGU', 36),
(50, '181-05', 248, 'REGU', 36),
(50, '181-06', 249, 'REGU', 36),
(50, '181-07', 250, 'REGU', 36),
(50, '181-08', 251, 'REGU', 36),
(50, '181-09', 252, 'ADUL', 36),
(50, '181-10', 253, 'REGU', 36),
(50, '181-11', 254, 'NINO', 36),
(50, '181-12', 255, 'REGU', 36),
(50, '181-13', 256, 'NINO', 36);

-- 18. TABLA LISTADO_AMENIDADES
CREATE TABLE listado_amenidades(
    tipoAutobus VARCHAR(4) NOT NULL,
    amenidad VARCHAR(4) NOT NULL,
    PRIMARY KEY(tipoAutobus, amenidad)
);

INSERT INTO listado_amenidades (tipoAutobus, amenidad) VALUES
('PLUS', 'AS44'),
('PLUS', 'TOMA'),
('PLUS', 'PAMB'),
('PLUS', 'CLCN'),
('PLUS', 'WION'),
('PLUS', 'WCUN'),
('PLAT', 'AS34'),
('PLAT', 'TOMA'),
('PLAT', 'PIND'),
('PLAT', 'CLCN'),
('PLAT', 'WISA'),
('PLAT', 'WCIN');


-- 19. TABLA CORRIDA_ASIENTO
CREATE TABLE corrida_asiento(
    corrida INT NOT NULL,
    asiento VARCHAR(6) NOT NULL,
    estado VARCHAR(13) NOT NULL,
    PRIMARY KEY (corrida, asiento)
);

INSERT INTO corrida_asiento (corrida, asiento, estado) VALUES
(1, '100-01', 'NO DISPONIBLE'),
(1, '100-02', 'NO DISPONIBLE'),
(1, '100-03', 'NO DISPONIBLE'),
(1, '100-04', 'NO DISPONIBLE'),
(1, '100-05', 'NO DISPONIBLE'),
(1, '100-06', 'NO DISPONIBLE'),
(1, '100-07', 'DISPONIBLE'),
(1, '100-08', 'DISPONIBLE'),
(1, '100-09', 'DISPONIBLE'),
(1, '100-10', 'DISPONIBLE'),
(1, '100-11', 'DISPONIBLE'),
(1, '100-12', 'DISPONIBLE'),
(1, '100-13', 'DISPONIBLE'),
(1, '100-14', 'DISPONIBLE'),
(1, '100-15', 'DISPONIBLE'),
(1, '100-16', 'DISPONIBLE'),
(1, '100-17', 'DISPONIBLE'),
(1, '100-18', 'DISPONIBLE'),
(1, '100-19', 'DISPONIBLE'),
(1, '100-20', 'DISPONIBLE'),
(1, '100-21', 'DISPONIBLE'),
(1, '100-22', 'DISPONIBLE'),
(1, '100-23', 'DISPONIBLE'),
(1, '100-24', 'DISPONIBLE'),
(1, '100-25', 'DISPONIBLE'),
(1, '100-26', 'DISPONIBLE'),
(1, '100-27', 'DISPONIBLE'),
(1, '100-28', 'DISPONIBLE'),
(1, '100-29', 'DISPONIBLE'),
(1, '100-30', 'DISPONIBLE'),
(1, '100-31', 'DISPONIBLE'),
(1, '100-32', 'DISPONIBLE'),
(1, '100-33', 'DISPONIBLE'),
(1, '100-34', 'DISPONIBLE'),
(1, '100-35', 'DISPONIBLE'),
(1, '100-36', 'DISPONIBLE'),
(1, '100-37', 'DISPONIBLE'),
(1, '100-38', 'DISPONIBLE'),
(1, '100-39', 'DISPONIBLE'),
(1, '100-40', 'DISPONIBLE'),
(1, '100-41', 'DISPONIBLE'),
(1, '100-42', 'DISPONIBLE'),
(1, '100-43', 'DISPONIBLE'),
(1, '100-44', 'DISPONIBLE'),
(2, '502-01', 'NO DISPONIBLE'),
(2, '502-02', 'NO DISPONIBLE'),
(2, '502-03', 'NO DISPONIBLE'),
(2, '502-04', 'NO DISPONIBLE'),
(2, '502-05', 'NO DISPONIBLE'),
(2, '502-06', 'NO DISPONIBLE'),
(2, '502-07', 'NO DISPONIBLE'),
(2, '502-08', 'NO DISPONIBLE'),
(2, '502-09', 'DISPONIBLE'),
(2, '502-10', 'DISPONIBLE'),
(2, '502-11', 'DISPONIBLE'),
(2, '502-12', 'DISPONIBLE'),
(2, '502-13', 'DISPONIBLE'),
(2, '502-14', 'DISPONIBLE'),
(2, '502-15', 'DISPONIBLE'),
(2, '502-16', 'DISPONIBLE'),
(2, '502-17', 'DISPONIBLE'),
(2, '502-18', 'DISPONIBLE'),
(2, '502-19', 'DISPONIBLE'),
(2, '502-20', 'DISPONIBLE'),
(2, '502-21', 'DISPONIBLE'),
(2, '502-22', 'DISPONIBLE'),
(2, '502-23', 'DISPONIBLE'),
(2, '502-24', 'DISPONIBLE'),
(2, '502-25', 'DISPONIBLE'),
(2, '502-26', 'DISPONIBLE'),
(2, '502-27', 'DISPONIBLE'),
(2, '502-28', 'DISPONIBLE'),
(2, '502-29', 'DISPONIBLE'),
(2, '502-30', 'DISPONIBLE'),
(2, '502-31', 'DISPONIBLE'),
(2, '502-32', 'DISPONIBLE'),
(2, '502-33', 'DISPONIBLE'),
(2, '502-34', 'DISPONIBLE'),
(3, '100-01', 'NO DISPONIBLE'),
(3, '100-02', 'NO DISPONIBLE'),
(3, '100-03', 'NO DISPONIBLE'),
(3, '100-04', 'NO DISPONIBLE'),
(3, '100-05', 'NO DISPONIBLE'),
(3, '100-06', 'NO DISPONIBLE'),
(3, '100-07', 'DISPONIBLE'),
(3, '100-08', 'DISPONIBLE'),
(3, '100-09', 'DISPONIBLE'),
(3, '100-10', 'DISPONIBLE'),
(3, '100-11', 'DISPONIBLE'),
(3, '100-12', 'DISPONIBLE'),
(3, '100-13', 'DISPONIBLE'),
(3, '100-14', 'DISPONIBLE'),
(3, '100-15', 'DISPONIBLE'),
(3, '100-16', 'DISPONIBLE'),
(3, '100-17', 'DISPONIBLE'),
(3, '100-18', 'DISPONIBLE'),
(3, '100-19', 'DISPONIBLE'),
(3, '100-20', 'DISPONIBLE'),
(3, '100-21', 'DISPONIBLE'),
(3, '100-22', 'DISPONIBLE'),
(3, '100-23', 'DISPONIBLE'),
(3, '100-24', 'DISPONIBLE'),
(3, '100-25', 'DISPONIBLE'),
(3, '100-26', 'DISPONIBLE'),
(3, '100-27', 'DISPONIBLE'),
(3, '100-28', 'DISPONIBLE'),
(3, '100-29', 'DISPONIBLE'),
(3, '100-30', 'DISPONIBLE'),
(3, '100-31', 'DISPONIBLE'),
(3, '100-32', 'DISPONIBLE'),
(3, '100-33', 'DISPONIBLE'),
(3, '100-34', 'DISPONIBLE'),
(3, '100-35', 'DISPONIBLE'),
(3, '100-36', 'DISPONIBLE'),
(3, '100-37', 'DISPONIBLE'),
(3, '100-38', 'DISPONIBLE'),
(3, '100-39', 'DISPONIBLE'),
(3, '100-40', 'DISPONIBLE'),
(3, '100-41', 'DISPONIBLE'),
(3, '100-42', 'DISPONIBLE'),
(3, '100-43', 'DISPONIBLE'),
(3, '100-44', 'DISPONIBLE'),
(4, '502-01', 'NO DISPONIBLE'),
(4, '502-02', 'NO DISPONIBLE'),
(4, '502-03', 'NO DISPONIBLE'),
(4, '502-04', 'NO DISPONIBLE'),
(4, '502-05', 'NO DISPONIBLE'),
(4, '502-06', 'NO DISPONIBLE'),
(4, '502-07', 'NO DISPONIBLE'),
(4, '502-08', 'NO DISPONIBLE'),
(4, '502-09', 'DISPONIBLE'),
(4, '502-10', 'DISPONIBLE'),
(4, '502-11', 'DISPONIBLE'),
(4, '502-12', 'DISPONIBLE'),
(4, '502-13', 'DISPONIBLE'),
(4, '502-14', 'DISPONIBLE'),
(4, '502-15', 'DISPONIBLE'),
(4, '502-16', 'DISPONIBLE'),
(4, '502-17', 'DISPONIBLE'),
(4, '502-18', 'DISPONIBLE'),
(4, '502-19', 'DISPONIBLE'),
(4, '502-20', 'DISPONIBLE'),
(4, '502-21', 'DISPONIBLE'),
(4, '502-22', 'DISPONIBLE'),
(4, '502-23', 'DISPONIBLE'),
(4, '502-24', 'DISPONIBLE'),
(4, '502-25', 'DISPONIBLE'),
(4, '502-26', 'DISPONIBLE'),
(4, '502-27', 'DISPONIBLE'),
(4, '502-28', 'DISPONIBLE'),
(4, '502-29', 'DISPONIBLE'),
(4, '502-30', 'DISPONIBLE'),
(4, '502-31', 'DISPONIBLE'),
(4, '502-32', 'DISPONIBLE'),
(4, '502-33', 'DISPONIBLE'),
(4, '502-34', 'DISPONIBLE'),
(5, '502-01', 'NO DISPONIBLE'),
(5, '502-02', 'NO DISPONIBLE'),
(5, '502-03', 'NO DISPONIBLE'),
(5, '502-04', 'NO DISPONIBLE'),
(5, '502-05', 'NO DISPONIBLE'),
(5, '502-06', 'NO DISPONIBLE'),
(5, '502-07', 'NO DISPONIBLE'),
(5, '502-08', 'DISPONIBLE'),
(5, '502-09', 'DISPONIBLE'),
(5, '502-10', 'DISPONIBLE'),
(5, '502-11', 'DISPONIBLE'),
(5, '502-12', 'DISPONIBLE'),
(5, '502-13', 'DISPONIBLE'),
(5, '502-14', 'DISPONIBLE'),
(5, '502-15', 'DISPONIBLE'),
(5, '502-16', 'DISPONIBLE'),
(5, '502-17', 'DISPONIBLE'),
(5, '502-18', 'DISPONIBLE'),
(5, '502-19', 'DISPONIBLE'),
(5, '502-20', 'DISPONIBLE'),
(5, '502-21', 'DISPONIBLE'),
(5, '502-22', 'DISPONIBLE'),
(5, '502-23', 'DISPONIBLE'),
(5, '502-24', 'DISPONIBLE'),
(5, '502-25', 'DISPONIBLE'),
(5, '502-26', 'DISPONIBLE'),
(5, '502-27', 'DISPONIBLE'),
(5, '502-28', 'DISPONIBLE'),
(5, '502-29', 'DISPONIBLE'),
(5, '502-30', 'DISPONIBLE'),
(5, '502-31', 'DISPONIBLE'),
(5, '502-32', 'DISPONIBLE'),
(5, '502-33', 'DISPONIBLE'),
(5, '502-34', 'DISPONIBLE'),
(6, '100-01', 'NO DISPONIBLE'),
(6, '100-02', 'NO DISPONIBLE'),
(6, '100-03', 'NO DISPONIBLE'),
(6, '100-04', 'NO DISPONIBLE'),
(6, '100-05', 'NO DISPONIBLE'),
(6, '100-06', 'NO DISPONIBLE'),
(6, '100-07', 'NO DISPONIBLE'),
(6, '100-08', 'NO DISPONIBLE'),
(6, '100-09', 'DISPONIBLE'),
(6, '100-10', 'DISPONIBLE'),
(6, '100-11', 'DISPONIBLE'),
(6, '100-12', 'DISPONIBLE'),
(6, '100-13', 'DISPONIBLE'),
(6, '100-14', 'DISPONIBLE'),
(6, '100-15', 'DISPONIBLE'),
(6, '100-16', 'DISPONIBLE'),
(6, '100-17', 'DISPONIBLE'),
(6, '100-18', 'DISPONIBLE'),
(6, '100-19', 'DISPONIBLE'),
(6, '100-20', 'DISPONIBLE'),
(6, '100-21', 'DISPONIBLE'),
(6, '100-22', 'DISPONIBLE'),
(6, '100-23', 'DISPONIBLE'),
(6, '100-24', 'DISPONIBLE'),
(6, '100-25', 'DISPONIBLE'),
(6, '100-26', 'DISPONIBLE'),
(6, '100-27', 'DISPONIBLE'),
(6, '100-28', 'DISPONIBLE'),
(6, '100-29', 'DISPONIBLE'),
(6, '100-30', 'DISPONIBLE'),
(6, '100-31', 'DISPONIBLE'),
(6, '100-32', 'DISPONIBLE'),
(6, '100-33', 'DISPONIBLE'),
(6, '100-34', 'DISPONIBLE'),
(6, '100-35', 'DISPONIBLE'),
(6, '100-36', 'DISPONIBLE'),
(6, '100-37', 'DISPONIBLE'),
(6, '100-38', 'DISPONIBLE'),
(6, '100-39', 'DISPONIBLE'),
(6, '100-40', 'DISPONIBLE'),
(6, '100-41', 'DISPONIBLE'),
(6, '100-42', 'DISPONIBLE'),
(6, '100-43', 'DISPONIBLE'),
(6, '100-44', 'DISPONIBLE'),
(7, '502-01', 'NO DISPONIBLE'),
(7, '502-02', 'NO DISPONIBLE'),
(7, '502-03', 'NO DISPONIBLE'),
(7, '502-04', 'NO DISPONIBLE'),
(7, '502-05', 'NO DISPONIBLE'),
(7, '502-06', 'NO DISPONIBLE'),
(7, '502-07', 'NO DISPONIBLE'),
(7, '502-08', 'DISPONIBLE'),
(7, '502-09', 'DISPONIBLE'),
(7, '502-10', 'DISPONIBLE'),
(7, '502-11', 'DISPONIBLE'),
(7, '502-12', 'DISPONIBLE'),
(7, '502-13', 'DISPONIBLE'),
(7, '502-14', 'DISPONIBLE'),
(7, '502-15', 'DISPONIBLE'),
(7, '502-16', 'DISPONIBLE'),
(7, '502-17', 'DISPONIBLE'),
(7, '502-18', 'DISPONIBLE'),
(7, '502-19', 'DISPONIBLE'),
(7, '502-20', 'DISPONIBLE'),
(7, '502-21', 'DISPONIBLE'),
(7, '502-22', 'DISPONIBLE'),
(7, '502-23', 'DISPONIBLE'),
(7, '502-24', 'DISPONIBLE'),
(7, '502-25', 'DISPONIBLE'),
(7, '502-26', 'DISPONIBLE'),
(7, '502-27', 'DISPONIBLE'),
(7, '502-28', 'DISPONIBLE'),
(7, '502-29', 'DISPONIBLE'),
(7, '502-30', 'DISPONIBLE'),
(7, '502-31', 'DISPONIBLE'),
(7, '502-32', 'DISPONIBLE'),
(7, '502-33', 'DISPONIBLE'),
(7, '502-34', 'DISPONIBLE'),
(8, '100-01', 'NO DISPONIBLE'),
(8, '100-02', 'NO DISPONIBLE'),
(8, '100-03', 'NO DISPONIBLE'),
(8, '100-04', 'NO DISPONIBLE'),
(8, '100-05', 'NO DISPONIBLE'),
(8, '100-06', 'NO DISPONIBLE'),
(8, '100-07', 'NO DISPONIBLE'),
(8, '100-08', 'DISPONIBLE'),
(8, '100-09', 'DISPONIBLE'),
(8, '100-10', 'DISPONIBLE'),
(8, '100-11', 'DISPONIBLE'),
(8, '100-12', 'DISPONIBLE'),
(8, '100-13', 'DISPONIBLE'),
(8, '100-14', 'DISPONIBLE'),
(8, '100-15', 'DISPONIBLE'),
(8, '100-16', 'DISPONIBLE'),
(8, '100-17', 'DISPONIBLE'),
(8, '100-18', 'DISPONIBLE'),
(8, '100-19', 'DISPONIBLE'),
(8, '100-20', 'DISPONIBLE'),
(8, '100-21', 'DISPONIBLE'),
(8, '100-22', 'DISPONIBLE'),
(8, '100-23', 'DISPONIBLE'),
(8, '100-24', 'DISPONIBLE'),
(8, '100-25', 'DISPONIBLE'),
(8, '100-26', 'DISPONIBLE'),
(8, '100-27', 'DISPONIBLE'),
(8, '100-28', 'DISPONIBLE'),
(8, '100-29', 'DISPONIBLE'),
(8, '100-30', 'DISPONIBLE'),
(8, '100-31', 'DISPONIBLE'),
(8, '100-32', 'DISPONIBLE'),
(8, '100-33', 'DISPONIBLE'),
(8, '100-34', 'DISPONIBLE'),
(8, '100-35', 'DISPONIBLE'),
(8, '100-36', 'DISPONIBLE'),
(8, '100-37', 'DISPONIBLE'),
(8, '100-38', 'DISPONIBLE'),
(8, '100-39', 'DISPONIBLE'),
(8, '100-40', 'DISPONIBLE'),
(8, '100-41', 'DISPONIBLE'),
(8, '100-42', 'DISPONIBLE'),
(8, '100-43', 'DISPONIBLE'),
(8, '100-44', 'DISPONIBLE'),
(9, '509-01', 'NO DISPONIBLE'),
(9, '509-02', 'NO DISPONIBLE'),
(9, '509-03', 'NO DISPONIBLE'),
(9, '509-04', 'NO DISPONIBLE'),
(9, '509-05', 'NO DISPONIBLE'),
(9, '509-06', 'NO DISPONIBLE'),
(9, '509-07', 'NO DISPONIBLE'),
(9, '509-08', 'NO DISPONIBLE'),
(9, '509-09', 'NO DISPONIBLE'),
(9, '509-10', 'DISPONIBLE'),
(9, '509-11', 'DISPONIBLE'),
(9, '509-12', 'DISPONIBLE'),
(9, '509-13', 'DISPONIBLE'),
(9, '509-14', 'DISPONIBLE'),
(9, '509-15', 'DISPONIBLE'),
(9, '509-16', 'DISPONIBLE'),
(9, '509-17', 'DISPONIBLE'),
(9, '509-18', 'DISPONIBLE'),
(9, '509-19', 'DISPONIBLE'),
(9, '509-20', 'DISPONIBLE'),
(9, '509-21', 'DISPONIBLE'),
(9, '509-22', 'DISPONIBLE'),
(9, '509-23', 'DISPONIBLE'),
(9, '509-24', 'DISPONIBLE'),
(9, '509-25', 'DISPONIBLE'),
(9, '509-26', 'DISPONIBLE'),
(9, '509-27', 'DISPONIBLE'),
(9, '509-28', 'DISPONIBLE'),
(9, '509-29', 'DISPONIBLE'),
(9, '509-30', 'DISPONIBLE'),
(9, '509-31', 'DISPONIBLE'),
(9, '509-32', 'DISPONIBLE'),
(9, '509-33', 'DISPONIBLE'),
(9, '509-34', 'DISPONIBLE'),
(10, '104-01', 'NO DISPONIBLE'),
(10, '104-02', 'NO DISPONIBLE'),
(10, '104-03', 'NO DISPONIBLE'),
(10, '104-04', 'NO DISPONIBLE'),
(10, '104-05', 'NO DISPONIBLE'),
(10, '104-06', 'NO DISPONIBLE'),
(10, '104-07', 'DISPONIBLE'),
(10, '104-08', 'DISPONIBLE'),
(10, '104-09', 'DISPONIBLE'),
(10, '104-10', 'DISPONIBLE'),
(10, '104-11', 'DISPONIBLE'),
(10, '104-12', 'DISPONIBLE'),
(10, '104-13', 'DISPONIBLE'),
(10, '104-14', 'DISPONIBLE'),
(10, '104-15', 'DISPONIBLE'),
(10, '104-16', 'DISPONIBLE'),
(10, '104-17', 'DISPONIBLE'),
(10, '104-18', 'DISPONIBLE'),
(10, '104-19', 'DISPONIBLE'),
(10, '104-20', 'DISPONIBLE'),
(10, '104-21', 'DISPONIBLE'),
(10, '104-22', 'DISPONIBLE'),
(10, '104-23', 'DISPONIBLE'),
(10, '104-24', 'DISPONIBLE'),
(10, '104-25', 'DISPONIBLE'),
(10, '104-26', 'DISPONIBLE'),
(10, '104-27', 'DISPONIBLE'),
(10, '104-28', 'DISPONIBLE'),
(10, '104-29', 'DISPONIBLE'),
(10, '104-30', 'DISPONIBLE'),
(10, '104-31', 'DISPONIBLE'),
(10, '104-32', 'DISPONIBLE'),
(10, '104-33', 'DISPONIBLE'),
(10, '104-34', 'DISPONIBLE'),
(10, '104-35', 'DISPONIBLE'),
(10, '104-36', 'DISPONIBLE'),
(10, '104-37', 'DISPONIBLE'),
(10, '104-38', 'DISPONIBLE'),
(10, '104-39', 'DISPONIBLE'),
(10, '104-40', 'DISPONIBLE'),
(10, '104-41', 'DISPONIBLE'),
(10, '104-42', 'DISPONIBLE'),
(10, '104-43', 'DISPONIBLE'),
(10, '104-44', 'DISPONIBLE'),
(11, '509-01', 'NO DISPONIBLE'),
(11, '509-02', 'NO DISPONIBLE'),
(11, '509-03', 'NO DISPONIBLE'),
(11, '509-04', 'NO DISPONIBLE'),
(11, '509-05', 'NO DISPONIBLE'),
(11, '509-06', 'NO DISPONIBLE'),
(11, '509-07', 'DISPONIBLE'),
(11, '509-08', 'DISPONIBLE'),
(11, '509-09', 'DISPONIBLE'),
(11, '509-10', 'DISPONIBLE'),
(11, '509-11', 'DISPONIBLE'),
(11, '509-12', 'DISPONIBLE'),
(11, '509-13', 'DISPONIBLE'),
(11, '509-14', 'DISPONIBLE'),
(11, '509-15', 'DISPONIBLE'),
(11, '509-16', 'DISPONIBLE'),
(11, '509-17', 'DISPONIBLE'),
(11, '509-18', 'DISPONIBLE'),
(11, '509-19', 'DISPONIBLE'),
(11, '509-20', 'DISPONIBLE'),
(11, '509-21', 'DISPONIBLE'),
(11, '509-22', 'DISPONIBLE'),
(11, '509-23', 'DISPONIBLE'),
(11, '509-24', 'DISPONIBLE'),
(11, '509-25', 'DISPONIBLE'),
(11, '509-26', 'DISPONIBLE'),
(11, '509-27', 'DISPONIBLE'),
(11, '509-28', 'DISPONIBLE'),
(11, '509-29', 'DISPONIBLE'),
(11, '509-30', 'DISPONIBLE'),
(11, '509-31', 'DISPONIBLE'),
(11, '509-32', 'DISPONIBLE'),
(11, '509-33', 'DISPONIBLE'),
(11, '509-34', 'DISPONIBLE'),
(12, '104-01', 'NO DISPONIBLE'),
(12, '104-02', 'NO DISPONIBLE'),
(12, '104-03', 'NO DISPONIBLE'),
(12, '104-04', 'NO DISPONIBLE'),
(12, '104-05', 'NO DISPONIBLE'),
(12, '104-06', 'NO DISPONIBLE'),
(12, '104-07', 'NO DISPONIBLE'),
(12, '104-08', 'DISPONIBLE'),
(12, '104-09', 'DISPONIBLE'),
(12, '104-10', 'DISPONIBLE'),
(12, '104-11', 'DISPONIBLE'),
(12, '104-12', 'DISPONIBLE'),
(12, '104-13', 'DISPONIBLE'),
(12, '104-14', 'DISPONIBLE'),
(12, '104-15', 'DISPONIBLE'),
(12, '104-16', 'DISPONIBLE'),
(12, '104-17', 'DISPONIBLE'),
(12, '104-18', 'DISPONIBLE'),
(12, '104-19', 'DISPONIBLE'),
(12, '104-20', 'DISPONIBLE'),
(12, '104-21', 'DISPONIBLE'),
(12, '104-22', 'DISPONIBLE'),
(12, '104-23', 'DISPONIBLE'),
(12, '104-24', 'DISPONIBLE'),
(12, '104-25', 'DISPONIBLE'),
(12, '104-26', 'DISPONIBLE'),
(12, '104-27', 'DISPONIBLE'),
(12, '104-28', 'DISPONIBLE'),
(12, '104-29', 'DISPONIBLE'),
(12, '104-30', 'DISPONIBLE'),
(12, '104-31', 'DISPONIBLE'),
(12, '104-32', 'DISPONIBLE'),
(12, '104-33', 'DISPONIBLE'),
(12, '104-34', 'DISPONIBLE'),
(12, '104-35', 'DISPONIBLE'),
(12, '104-36', 'DISPONIBLE'),
(12, '104-37', 'DISPONIBLE'),
(12, '104-38', 'DISPONIBLE'),
(12, '104-39', 'DISPONIBLE'),
(12, '104-40', 'DISPONIBLE'),
(12, '104-41', 'DISPONIBLE'),
(12, '104-42', 'DISPONIBLE'),
(12, '104-43', 'DISPONIBLE'),
(12, '104-44', 'DISPONIBLE'),
(13, '104-01', 'NO DISPONIBLE'),
(13, '104-02', 'NO DISPONIBLE'),
(13, '104-03', 'NO DISPONIBLE'),
(13, '104-04', 'NO DISPONIBLE'),
(13, '104-05', 'NO DISPONIBLE'),
(13, '104-06', 'NO DISPONIBLE'),
(13, '104-07', 'DISPONIBLE'),
(13, '104-08', 'DISPONIBLE'),
(13, '104-09', 'DISPONIBLE'),
(13, '104-10', 'DISPONIBLE'),
(13, '104-11', 'DISPONIBLE'),
(13, '104-12', 'DISPONIBLE'),
(13, '104-13', 'DISPONIBLE'),
(13, '104-14', 'DISPONIBLE'),
(13, '104-15', 'DISPONIBLE'),
(13, '104-16', 'DISPONIBLE'),
(13, '104-17', 'DISPONIBLE'),
(13, '104-18', 'DISPONIBLE'),
(13, '104-19', 'DISPONIBLE'),
(13, '104-20', 'DISPONIBLE'),
(13, '104-21', 'DISPONIBLE'),
(13, '104-22', 'DISPONIBLE'),
(13, '104-23', 'DISPONIBLE'),
(13, '104-24', 'DISPONIBLE'),
(13, '104-25', 'DISPONIBLE'),
(13, '104-26', 'DISPONIBLE'),
(13, '104-27', 'DISPONIBLE'),
(13, '104-28', 'DISPONIBLE'),
(13, '104-29', 'DISPONIBLE'),
(13, '104-30', 'DISPONIBLE'),
(13, '104-31', 'DISPONIBLE'),
(13, '104-32', 'DISPONIBLE'),
(13, '104-33', 'DISPONIBLE'),
(13, '104-34', 'DISPONIBLE'),
(13, '104-35', 'DISPONIBLE'),
(13, '104-36', 'DISPONIBLE'),
(13, '104-37', 'DISPONIBLE'),
(13, '104-38', 'DISPONIBLE'),
(13, '104-39', 'DISPONIBLE'),
(13, '104-40', 'DISPONIBLE'),
(13, '104-41', 'DISPONIBLE'),
(13, '104-42', 'DISPONIBLE'),
(13, '104-43', 'DISPONIBLE'),
(13, '104-44', 'DISPONIBLE'),
(14, '509-01', 'NO DISPONIBLE'),
(14, '509-02', 'NO DISPONIBLE'),
(14, '509-03', 'NO DISPONIBLE'),
(14, '509-04', 'NO DISPONIBLE'),
(14, '509-05', 'NO DISPONIBLE'),
(14, '509-06', 'NO DISPONIBLE'),
(14, '509-07', 'NO DISPONIBLE'),
(14, '509-08', 'NO DISPONIBLE'),
(14, '509-09', 'NO DISPONIBLE'),
(14, '509-10', 'DISPONIBLE'),
(14, '509-11', 'DISPONIBLE'),
(14, '509-12', 'DISPONIBLE'),
(14, '509-13', 'DISPONIBLE'),
(14, '509-14', 'DISPONIBLE'),
(14, '509-15', 'DISPONIBLE'),
(14, '509-16', 'DISPONIBLE'),
(14, '509-17', 'DISPONIBLE'),
(14, '509-18', 'DISPONIBLE'),
(14, '509-19', 'DISPONIBLE'),
(14, '509-20', 'DISPONIBLE'),
(14, '509-21', 'DISPONIBLE'),
(14, '509-22', 'DISPONIBLE'),
(14, '509-23', 'DISPONIBLE'),
(14, '509-24', 'DISPONIBLE'),
(14, '509-25', 'DISPONIBLE'),
(14, '509-26', 'DISPONIBLE'),
(14, '509-27', 'DISPONIBLE'),
(14, '509-28', 'DISPONIBLE'),
(14, '509-29', 'DISPONIBLE'),
(14, '509-30', 'DISPONIBLE'),
(14, '509-31', 'DISPONIBLE'),
(14, '509-32', 'DISPONIBLE'),
(14, '509-33', 'DISPONIBLE'),
(14, '509-34', 'DISPONIBLE'),
(15, '104-01', 'NO DISPONIBLE'),
(15, '104-02', 'NO DISPONIBLE'),
(15, '104-03', 'NO DISPONIBLE'),
(15, '104-04', 'NO DISPONIBLE'),
(15, '104-05', 'NO DISPONIBLE'),
(15, '104-06', 'NO DISPONIBLE'),
(15, '104-07', 'NO DISPONIBLE'),
(15, '104-08', 'NO DISPONIBLE'),
(15, '104-09', 'NO DISPONIBLE'),
(15, '104-10', 'DISPONIBLE'),
(15, '104-11', 'DISPONIBLE'),
(15, '104-12', 'DISPONIBLE'),
(15, '104-13', 'DISPONIBLE'),
(15, '104-14', 'DISPONIBLE'),
(15, '104-15', 'DISPONIBLE'),
(15, '104-16', 'DISPONIBLE'),
(15, '104-17', 'DISPONIBLE'),
(15, '104-18', 'DISPONIBLE'),
(15, '104-19', 'DISPONIBLE'),
(15, '104-20', 'DISPONIBLE'),
(15, '104-21', 'DISPONIBLE'),
(15, '104-22', 'DISPONIBLE'),
(15, '104-23', 'DISPONIBLE'),
(15, '104-24', 'DISPONIBLE'),
(15, '104-25', 'DISPONIBLE'),
(15, '104-26', 'DISPONIBLE'),
(15, '104-27', 'DISPONIBLE'),
(15, '104-28', 'DISPONIBLE'),
(15, '104-29', 'DISPONIBLE'),
(15, '104-30', 'DISPONIBLE'),
(15, '104-31', 'DISPONIBLE'),
(15, '104-32', 'DISPONIBLE'),
(15, '104-33', 'DISPONIBLE'),
(15, '104-34', 'DISPONIBLE'),
(15, '104-35', 'DISPONIBLE'),
(15, '104-36', 'DISPONIBLE'),
(15, '104-37', 'DISPONIBLE'),
(15, '104-38', 'DISPONIBLE'),
(15, '104-39', 'DISPONIBLE'),
(15, '104-40', 'DISPONIBLE'),
(15, '104-41', 'DISPONIBLE'),
(15, '104-42', 'DISPONIBLE'),
(15, '104-43', 'DISPONIBLE'),
(15, '104-44', 'DISPONIBLE'),
(16, '509-01', 'NO DISPONIBLE'),
(16, '509-02', 'NO DISPONIBLE'),
(16, '509-03', 'NO DISPONIBLE'),
(16, '509-04', 'NO DISPONIBLE'),
(16, '509-05', 'NO DISPONIBLE'),
(16, '509-06', 'NO DISPONIBLE'),
(16, '509-07', 'DISPONIBLE'),
(16, '509-08', 'DISPONIBLE'),
(16, '509-09', 'DISPONIBLE'),
(16, '509-10', 'DISPONIBLE'),
(16, '509-11', 'DISPONIBLE'),
(16, '509-12', 'DISPONIBLE'),
(16, '509-13', 'DISPONIBLE'),
(16, '509-14', 'DISPONIBLE'),
(16, '509-15', 'DISPONIBLE'),
(16, '509-16', 'DISPONIBLE'),
(16, '509-17', 'DISPONIBLE'),
(16, '509-18', 'DISPONIBLE'),
(16, '509-19', 'DISPONIBLE'),
(16, '509-20', 'DISPONIBLE'),
(16, '509-21', 'DISPONIBLE'),
(16, '509-22', 'DISPONIBLE'),
(16, '509-23', 'DISPONIBLE'),
(16, '509-24', 'DISPONIBLE'),
(16, '509-25', 'DISPONIBLE'),
(16, '509-26', 'DISPONIBLE'),
(16, '509-27', 'DISPONIBLE'),
(16, '509-28', 'DISPONIBLE'),
(16, '509-29', 'DISPONIBLE'),
(16, '509-30', 'DISPONIBLE'),
(16, '509-31', 'DISPONIBLE'),
(16, '509-32', 'DISPONIBLE'),
(16, '509-33', 'DISPONIBLE'),
(16, '509-34', 'DISPONIBLE'),
(17, '106-01', 'NO DISPONIBLE'),
(17, '106-02', 'NO DISPONIBLE'),
(17, '106-03', 'NO DISPONIBLE'),
(17, '106-04', 'NO DISPONIBLE'),
(17, '106-05', 'NO DISPONIBLE'),
(17, '106-06', 'NO DISPONIBLE'),
(17, '106-07', 'NO DISPONIBLE'),
(17, '106-08', 'NO DISPONIBLE'),
(17, '106-09', 'DISPONIBLE'),
(17, '106-10', 'DISPONIBLE'),
(17, '106-11', 'DISPONIBLE'),
(17, '106-12', 'DISPONIBLE'),
(17, '106-13', 'DISPONIBLE'),
(17, '106-14', 'DISPONIBLE'),
(17, '106-15', 'DISPONIBLE'),
(17, '106-16', 'DISPONIBLE'),
(17, '106-17', 'DISPONIBLE'),
(17, '106-18', 'DISPONIBLE'),
(17, '106-19', 'DISPONIBLE'),
(17, '106-20', 'DISPONIBLE'),
(17, '106-21', 'DISPONIBLE'),
(17, '106-22', 'DISPONIBLE'),
(17, '106-23', 'DISPONIBLE'),
(17, '106-24', 'DISPONIBLE'),
(17, '106-25', 'DISPONIBLE'),
(17, '106-26', 'DISPONIBLE'),
(17, '106-27', 'DISPONIBLE'),
(17, '106-28', 'DISPONIBLE'),
(17, '106-29', 'DISPONIBLE'),
(17, '106-30', 'DISPONIBLE'),
(17, '106-31', 'DISPONIBLE'),
(17, '106-32', 'DISPONIBLE'),
(17, '106-33', 'DISPONIBLE'),
(17, '106-34', 'DISPONIBLE'),
(17, '106-35', 'DISPONIBLE'),
(17, '106-36', 'DISPONIBLE'),
(17, '106-37', 'DISPONIBLE'),
(17, '106-38', 'DISPONIBLE'),
(17, '106-39', 'DISPONIBLE'),
(17, '106-40', 'DISPONIBLE'),
(17, '106-41', 'DISPONIBLE'),
(17, '106-42', 'DISPONIBLE'),
(17, '106-43', 'DISPONIBLE'),
(17, '106-44', 'DISPONIBLE'),
(18, '106-01', 'NO DISPONIBLE'),
(18, '106-02', 'NO DISPONIBLE'),
(18, '106-03', 'NO DISPONIBLE'),
(18, '106-04', 'NO DISPONIBLE'),
(18, '106-05', 'NO DISPONIBLE'),
(18, '106-06', 'NO DISPONIBLE'),
(18, '106-07', 'NO DISPONIBLE'),
(18, '106-08', 'NO DISPONIBLE'),
(18, '106-09', 'DISPONIBLE'),
(18, '106-10', 'DISPONIBLE'),
(18, '106-11', 'DISPONIBLE'),
(18, '106-12', 'DISPONIBLE'),
(18, '106-13', 'DISPONIBLE'),
(18, '106-14', 'DISPONIBLE'),
(18, '106-15', 'DISPONIBLE'),
(18, '106-16', 'DISPONIBLE'),
(18, '106-17', 'DISPONIBLE'),
(18, '106-18', 'DISPONIBLE'),
(18, '106-19', 'DISPONIBLE'),
(18, '106-20', 'DISPONIBLE'),
(18, '106-21', 'DISPONIBLE'),
(18, '106-22', 'DISPONIBLE'),
(18, '106-23', 'DISPONIBLE'),
(18, '106-24', 'DISPONIBLE'),
(18, '106-25', 'DISPONIBLE'),
(18, '106-26', 'DISPONIBLE'),
(18, '106-27', 'DISPONIBLE'),
(18, '106-28', 'DISPONIBLE'),
(18, '106-29', 'DISPONIBLE'),
(18, '106-30', 'DISPONIBLE'),
(18, '106-31', 'DISPONIBLE'),
(18, '106-32', 'DISPONIBLE'),
(18, '106-33', 'DISPONIBLE'),
(18, '106-34', 'DISPONIBLE'),
(18, '106-35', 'DISPONIBLE'),
(18, '106-36', 'DISPONIBLE'),
(18, '106-37', 'DISPONIBLE'),
(18, '106-38', 'DISPONIBLE'),
(18, '106-39', 'DISPONIBLE'),
(18, '106-40', 'DISPONIBLE'),
(18, '106-41', 'DISPONIBLE'),
(18, '106-42', 'DISPONIBLE'),
(18, '106-43', 'DISPONIBLE'),
(18, '106-44', 'DISPONIBLE'),
(19, '164-01', 'NO DISPONIBLE'),
(19, '164-02', 'NO DISPONIBLE'),
(19, '164-03', 'NO DISPONIBLE'),
(19, '164-04', 'NO DISPONIBLE'),
(19, '164-05', 'NO DISPONIBLE'),
(19, '164-06', 'NO DISPONIBLE'),
(19, '164-07', 'NO DISPONIBLE'),
(19, '164-08', 'DISPONIBLE'),
(19, '164-09', 'DISPONIBLE'),
(19, '164-10', 'DISPONIBLE'),
(19, '164-11', 'DISPONIBLE'),
(19, '164-12', 'DISPONIBLE'),
(19, '164-13', 'DISPONIBLE'),
(19, '164-14', 'DISPONIBLE'),
(19, '164-15', 'DISPONIBLE'),
(19, '164-16', 'DISPONIBLE'),
(19, '164-17', 'DISPONIBLE'),
(19, '164-18', 'DISPONIBLE'),
(19, '164-19', 'DISPONIBLE'),
(19, '164-20', 'DISPONIBLE'),
(19, '164-21', 'DISPONIBLE'),
(19, '164-22', 'DISPONIBLE'),
(19, '164-23', 'DISPONIBLE'),
(19, '164-24', 'DISPONIBLE'),
(19, '164-25', 'DISPONIBLE'),
(19, '164-26', 'DISPONIBLE'),
(19, '164-27', 'DISPONIBLE'),
(19, '164-28', 'DISPONIBLE'),
(19, '164-29', 'DISPONIBLE'),
(19, '164-30', 'DISPONIBLE'),
(19, '164-31', 'DISPONIBLE'),
(19, '164-32', 'DISPONIBLE'),
(19, '164-33', 'DISPONIBLE'),
(19, '164-34', 'DISPONIBLE'),
(19, '164-35', 'DISPONIBLE'),
(19, '164-36', 'DISPONIBLE'),
(19, '164-37', 'DISPONIBLE'),
(19, '164-38', 'DISPONIBLE'),
(19, '164-39', 'DISPONIBLE'),
(19, '164-40', 'DISPONIBLE'),
(19, '164-41', 'DISPONIBLE'),
(19, '164-42', 'DISPONIBLE'),
(19, '164-43', 'DISPONIBLE'),
(19, '164-44', 'DISPONIBLE'),
(20, '581-01', 'NO DISPONIBLE'),
(20, '581-02', 'NO DISPONIBLE'),
(20, '581-03', 'NO DISPONIBLE'),
(20, '581-04', 'NO DISPONIBLE'),
(20, '581-05', 'NO DISPONIBLE'),
(20, '581-06', 'NO DISPONIBLE'),
(20, '581-07', 'DISPONIBLE'),
(20, '581-08', 'DISPONIBLE'),
(20, '581-09', 'DISPONIBLE'),
(20, '581-10', 'DISPONIBLE'),
(20, '581-11', 'DISPONIBLE'),
(20, '581-12', 'DISPONIBLE'),
(20, '581-13', 'DISPONIBLE'),
(20, '581-14', 'DISPONIBLE'),
(20, '581-15', 'DISPONIBLE'),
(20, '581-16', 'DISPONIBLE'),
(20, '581-17', 'DISPONIBLE'),
(20, '581-18', 'DISPONIBLE'),
(20, '581-19', 'DISPONIBLE'),
(20, '581-20', 'DISPONIBLE'),
(20, '581-21', 'DISPONIBLE'),
(20, '581-22', 'DISPONIBLE'),
(20, '581-23', 'DISPONIBLE'),
(20, '581-24', 'DISPONIBLE'),
(20, '581-25', 'DISPONIBLE'),
(20, '581-26', 'DISPONIBLE'),
(20, '581-27', 'DISPONIBLE'),
(20, '581-28', 'DISPONIBLE'),
(20, '581-29', 'DISPONIBLE'),
(20, '581-30', 'DISPONIBLE'),
(20, '581-31', 'DISPONIBLE'),
(20, '581-32', 'DISPONIBLE'),
(20, '581-33', 'DISPONIBLE'),
(20, '581-34', 'DISPONIBLE'),
(21, '164-01', 'NO DISPONIBLE'),
(21, '164-02', 'NO DISPONIBLE'),
(21, '164-03', 'NO DISPONIBLE'),
(21, '164-04', 'NO DISPONIBLE'),
(21, '164-05', 'NO DISPONIBLE'),
(21, '164-06', 'NO DISPONIBLE'),
(21, '164-07', 'NO DISPONIBLE'),
(21, '164-08', 'DISPONIBLE'),
(21, '164-09', 'DISPONIBLE'),
(21, '164-10', 'DISPONIBLE'),
(21, '164-11', 'DISPONIBLE'),
(21, '164-12', 'DISPONIBLE'),
(21, '164-13', 'DISPONIBLE'),
(21, '164-14', 'DISPONIBLE'),
(21, '164-15', 'DISPONIBLE'),
(21, '164-16', 'DISPONIBLE'),
(21, '164-17', 'DISPONIBLE'),
(21, '164-18', 'DISPONIBLE'),
(21, '164-19', 'DISPONIBLE'),
(21, '164-20', 'DISPONIBLE'),
(21, '164-21', 'DISPONIBLE'),
(21, '164-22', 'DISPONIBLE'),
(21, '164-23', 'DISPONIBLE'),
(21, '164-24', 'DISPONIBLE'),
(21, '164-25', 'DISPONIBLE'),
(21, '164-26', 'DISPONIBLE'),
(21, '164-27', 'DISPONIBLE'),
(21, '164-28', 'DISPONIBLE'),
(21, '164-29', 'DISPONIBLE'),
(21, '164-30', 'DISPONIBLE'),
(21, '164-31', 'DISPONIBLE'),
(21, '164-32', 'DISPONIBLE'),
(21, '164-33', 'DISPONIBLE'),
(21, '164-34', 'DISPONIBLE'),
(21, '164-35', 'DISPONIBLE'),
(21, '164-36', 'DISPONIBLE'),
(21, '164-37', 'DISPONIBLE'),
(21, '164-38', 'DISPONIBLE'),
(21, '164-39', 'DISPONIBLE'),
(21, '164-40', 'DISPONIBLE'),
(21, '164-41', 'DISPONIBLE'),
(21, '164-42', 'DISPONIBLE'),
(21, '164-43', 'DISPONIBLE'),
(21, '164-44', 'DISPONIBLE'),
(22, '581-01', 'NO DISPONIBLE'),
(22, '581-02', 'NO DISPONIBLE'),
(22, '581-03', 'NO DISPONIBLE'),
(22, '581-04', 'NO DISPONIBLE'),
(22, '581-05', 'DISPONIBLE'),
(22, '581-06', 'DISPONIBLE'),
(22, '581-07', 'DISPONIBLE'),
(22, '581-08', 'DISPONIBLE'),
(22, '581-09', 'DISPONIBLE'),
(22, '581-10', 'DISPONIBLE'),
(22, '581-11', 'DISPONIBLE'),
(22, '581-12', 'DISPONIBLE'),
(22, '581-13', 'DISPONIBLE'),
(22, '581-14', 'DISPONIBLE'),
(22, '581-15', 'DISPONIBLE'),
(22, '581-16', 'DISPONIBLE'),
(22, '581-17', 'DISPONIBLE'),
(22, '581-18', 'DISPONIBLE'),
(22, '581-19', 'DISPONIBLE'),
(22, '581-20', 'DISPONIBLE'),
(22, '581-21', 'DISPONIBLE'),
(22, '581-22', 'DISPONIBLE'),
(22, '581-23', 'DISPONIBLE'),
(22, '581-24', 'DISPONIBLE'),
(22, '581-25', 'DISPONIBLE'),
(22, '581-26', 'DISPONIBLE'),
(22, '581-27', 'DISPONIBLE'),
(22, '581-28', 'DISPONIBLE'),
(22, '581-29', 'DISPONIBLE'),
(22, '581-30', 'DISPONIBLE'),
(22, '581-31', 'DISPONIBLE'),
(22, '581-32', 'DISPONIBLE'),
(22, '581-33', 'DISPONIBLE'),
(22, '581-34', 'DISPONIBLE'),
(23, '170-01', 'NO DISPONIBLE'),
(23, '170-02', 'NO DISPONIBLE'),
(23, '170-03', 'NO DISPONIBLE'),
(23, '170-04', 'NO DISPONIBLE'),
(23, '170-05', 'NO DISPONIBLE'),
(23, '170-06', 'NO DISPONIBLE'),
(23, '170-07', 'NO DISPONIBLE'),
(23, '170-08', 'NO DISPONIBLE'),
(23, '170-09', 'DISPONIBLE'),
(23, '170-10', 'DISPONIBLE'),
(23, '170-11', 'DISPONIBLE'),
(23, '170-12', 'DISPONIBLE'),
(23, '170-13', 'DISPONIBLE'),
(23, '170-14', 'DISPONIBLE'),
(23, '170-15', 'DISPONIBLE'),
(23, '170-16', 'DISPONIBLE'),
(23, '170-17', 'DISPONIBLE'),
(23, '170-18', 'DISPONIBLE'),
(23, '170-19', 'DISPONIBLE'),
(23, '170-20', 'DISPONIBLE'),
(23, '170-21', 'DISPONIBLE'),
(23, '170-22', 'DISPONIBLE'),
(23, '170-23', 'DISPONIBLE'),
(23, '170-24', 'DISPONIBLE'),
(23, '170-25', 'DISPONIBLE'),
(23, '170-26', 'DISPONIBLE'),
(23, '170-27', 'DISPONIBLE'),
(23, '170-28', 'DISPONIBLE'),
(23, '170-29', 'DISPONIBLE'),
(23, '170-30', 'DISPONIBLE'),
(23, '170-31', 'DISPONIBLE'),
(23, '170-32', 'DISPONIBLE'),
(23, '170-33', 'DISPONIBLE'),
(23, '170-34', 'DISPONIBLE'),
(23, '170-35', 'DISPONIBLE'),
(23, '170-36', 'DISPONIBLE'),
(23, '170-37', 'DISPONIBLE'),
(23, '170-38', 'DISPONIBLE'),
(23, '170-39', 'DISPONIBLE'),
(23, '170-40', 'DISPONIBLE'),
(23, '170-41', 'DISPONIBLE'),
(23, '170-42', 'DISPONIBLE'),
(23, '170-43', 'DISPONIBLE'),
(23, '170-44', 'DISPONIBLE'),
(24, '520-01', 'NO DISPONIBLE'),
(24, '520-02', 'NO DISPONIBLE'),
(24, '520-03', 'NO DISPONIBLE'),
(24, '520-04', 'NO DISPONIBLE'),
(24, '520-05', 'NO DISPONIBLE'),
(24, '520-06', 'NO DISPONIBLE'),
(24, '520-07', 'DISPONIBLE'),
(24, '520-08', 'DISPONIBLE'),
(24, '520-09', 'DISPONIBLE'),
(24, '520-10', 'DISPONIBLE'),
(24, '520-11', 'DISPONIBLE'),
(24, '520-12', 'DISPONIBLE'),
(24, '520-13', 'DISPONIBLE'),
(24, '520-14', 'DISPONIBLE'),
(24, '520-15', 'DISPONIBLE'),
(24, '520-16', 'DISPONIBLE'),
(24, '520-17', 'DISPONIBLE'),
(24, '520-18', 'DISPONIBLE'),
(24, '520-19', 'DISPONIBLE'),
(24, '520-20', 'DISPONIBLE'),
(24, '520-21', 'DISPONIBLE'),
(24, '520-22', 'DISPONIBLE'),
(24, '520-23', 'DISPONIBLE'),
(24, '520-24', 'DISPONIBLE'),
(24, '520-25', 'DISPONIBLE'),
(24, '520-26', 'DISPONIBLE'),
(24, '520-27', 'DISPONIBLE'),
(24, '520-28', 'DISPONIBLE'),
(24, '520-29', 'DISPONIBLE'),
(24, '520-30', 'DISPONIBLE'),
(24, '520-31', 'DISPONIBLE'),
(24, '520-32', 'DISPONIBLE'),
(24, '520-33', 'DISPONIBLE'),
(24, '520-34', 'DISPONIBLE'),
(25, '520-01', 'NO DISPONIBLE'),
(25, '520-02', 'NO DISPONIBLE'),
(25, '520-03', 'NO DISPONIBLE'),
(25, '520-04', 'NO DISPONIBLE'),
(25, '520-05', 'NO DISPONIBLE'),
(25, '520-06', 'NO DISPONIBLE'),
(25, '520-07', 'NO DISPONIBLE'),
(25, '520-08', 'NO DISPONIBLE'),
(25, '520-09', 'DISPONIBLE'),
(25, '520-10', 'DISPONIBLE'),
(25, '520-11', 'DISPONIBLE'),
(25, '520-12', 'DISPONIBLE'),
(25, '520-13', 'DISPONIBLE'),
(25, '520-14', 'DISPONIBLE'),
(25, '520-15', 'DISPONIBLE'),
(25, '520-16', 'DISPONIBLE'),
(25, '520-17', 'DISPONIBLE'),
(25, '520-18', 'DISPONIBLE'),
(25, '520-19', 'DISPONIBLE'),
(25, '520-20', 'DISPONIBLE'),
(25, '520-21', 'DISPONIBLE'),
(25, '520-22', 'DISPONIBLE'),
(25, '520-23', 'DISPONIBLE'),
(25, '520-24', 'DISPONIBLE'),
(25, '520-25', 'DISPONIBLE'),
(25, '520-26', 'DISPONIBLE'),
(25, '520-27', 'DISPONIBLE'),
(25, '520-28', 'DISPONIBLE'),
(25, '520-29', 'DISPONIBLE'),
(25, '520-30', 'DISPONIBLE'),
(25, '520-31', 'DISPONIBLE'),
(25, '520-32', 'DISPONIBLE'),
(25, '520-33', 'DISPONIBLE'),
(25, '520-34', 'DISPONIBLE'),
(26, '170-01', 'NO DISPONIBLE'),
(26, '170-02', 'NO DISPONIBLE'),
(26, '170-03', 'NO DISPONIBLE'),
(26, '170-04', 'NO DISPONIBLE'),
(26, '170-05', 'NO DISPONIBLE'),
(26, '170-06', 'NO DISPONIBLE'),
(26, '170-07', 'DISPONIBLE'),
(26, '170-08', 'DISPONIBLE'),
(26, '170-09', 'DISPONIBLE'),
(26, '170-10', 'DISPONIBLE'),
(26, '170-11', 'DISPONIBLE'),
(26, '170-12', 'DISPONIBLE'),
(26, '170-13', 'DISPONIBLE'),
(26, '170-14', 'DISPONIBLE'),
(26, '170-15', 'DISPONIBLE'),
(26, '170-16', 'DISPONIBLE'),
(26, '170-17', 'DISPONIBLE'),
(26, '170-18', 'DISPONIBLE'),
(26, '170-19', 'DISPONIBLE'),
(26, '170-20', 'DISPONIBLE'),
(26, '170-21', 'DISPONIBLE'),
(26, '170-22', 'DISPONIBLE'),
(26, '170-23', 'DISPONIBLE'),
(26, '170-24', 'DISPONIBLE'),
(26, '170-25', 'DISPONIBLE'),
(26, '170-26', 'DISPONIBLE'),
(26, '170-27', 'DISPONIBLE'),
(26, '170-28', 'DISPONIBLE'),
(26, '170-29', 'DISPONIBLE'),
(26, '170-30', 'DISPONIBLE'),
(26, '170-31', 'DISPONIBLE'),
(26, '170-32', 'DISPONIBLE'),
(26, '170-33', 'DISPONIBLE'),
(26, '170-34', 'DISPONIBLE'),
(26, '170-35', 'DISPONIBLE'),
(26, '170-36', 'DISPONIBLE'),
(26, '170-37', 'DISPONIBLE'),
(26, '170-38', 'DISPONIBLE'),
(26, '170-39', 'DISPONIBLE'),
(26, '170-40', 'DISPONIBLE'),
(26, '170-41', 'DISPONIBLE'),
(26, '170-42', 'DISPONIBLE'),
(26, '170-43', 'DISPONIBLE'),
(26, '170-44', 'DISPONIBLE'),
(27, '118-01', 'NO DISPONIBLE'),
(27, '118-02', 'NO DISPONIBLE'),
(27, '118-03', 'NO DISPONIBLE'),
(27, '118-04', 'NO DISPONIBLE'),
(27, '118-05', 'NO DISPONIBLE'),
(27, '118-06', 'NO DISPONIBLE'),
(27, '118-07', 'DISPONIBLE'),
(27, '118-08', 'DISPONIBLE'),
(27, '118-09', 'DISPONIBLE'),
(27, '118-10', 'DISPONIBLE'),
(27, '118-11', 'DISPONIBLE'),
(27, '118-12', 'DISPONIBLE'),
(27, '118-13', 'DISPONIBLE'),
(27, '118-14', 'DISPONIBLE'),
(27, '118-15', 'DISPONIBLE'),
(27, '118-16', 'DISPONIBLE'),
(27, '118-17', 'DISPONIBLE'),
(27, '118-18', 'DISPONIBLE'),
(27, '118-19', 'DISPONIBLE'),
(27, '118-20', 'DISPONIBLE'),
(27, '118-21', 'DISPONIBLE'),
(27, '118-22', 'DISPONIBLE'),
(27, '118-23', 'DISPONIBLE'),
(27, '118-24', 'DISPONIBLE'),
(27, '118-25', 'DISPONIBLE'),
(27, '118-26', 'DISPONIBLE'),
(27, '118-27', 'DISPONIBLE'),
(27, '118-28', 'DISPONIBLE'),
(27, '118-29', 'DISPONIBLE'),
(27, '118-30', 'DISPONIBLE'),
(27, '118-31', 'DISPONIBLE'),
(27, '118-32', 'DISPONIBLE'),
(27, '118-33', 'DISPONIBLE'),
(27, '118-34', 'DISPONIBLE'),
(27, '118-35', 'DISPONIBLE'),
(27, '118-36', 'DISPONIBLE'),
(27, '118-37', 'DISPONIBLE'),
(27, '118-38', 'DISPONIBLE'),
(27, '118-39', 'DISPONIBLE'),
(27, '118-40', 'DISPONIBLE'),
(27, '118-41', 'DISPONIBLE'),
(27, '118-42', 'DISPONIBLE'),
(27, '118-43', 'DISPONIBLE'),
(27, '118-44', 'DISPONIBLE'),
(28, '118-01', 'NO DISPONIBLE'),
(28, '118-02', 'NO DISPONIBLE'),
(28, '118-03', 'NO DISPONIBLE'),
(28, '118-04', 'NO DISPONIBLE'),
(28, '118-05', 'NO DISPONIBLE'),
(28, '118-06', 'NO DISPONIBLE'),
(28, '118-07', 'NO DISPONIBLE'),
(28, '118-08', 'DISPONIBLE'),
(28, '118-09', 'DISPONIBLE'),
(28, '118-10', 'DISPONIBLE'),
(28, '118-11', 'DISPONIBLE'),
(28, '118-12', 'DISPONIBLE'),
(28, '118-13', 'DISPONIBLE'),
(28, '118-14', 'DISPONIBLE'),
(28, '118-15', 'DISPONIBLE'),
(28, '118-16', 'DISPONIBLE'),
(28, '118-17', 'DISPONIBLE'),
(28, '118-18', 'DISPONIBLE'),
(28, '118-19', 'DISPONIBLE'),
(28, '118-20', 'DISPONIBLE'),
(28, '118-21', 'DISPONIBLE'),
(28, '118-22', 'DISPONIBLE'),
(28, '118-23', 'DISPONIBLE'),
(28, '118-24', 'DISPONIBLE'),
(28, '118-25', 'DISPONIBLE'),
(28, '118-26', 'DISPONIBLE'),
(28, '118-27', 'DISPONIBLE'),
(28, '118-28', 'DISPONIBLE'),
(28, '118-29', 'DISPONIBLE'),
(28, '118-30', 'DISPONIBLE'),
(28, '118-31', 'DISPONIBLE'),
(28, '118-32', 'DISPONIBLE'),
(28, '118-33', 'DISPONIBLE'),
(28, '118-34', 'DISPONIBLE'),
(28, '118-35', 'DISPONIBLE'),
(28, '118-36', 'DISPONIBLE'),
(28, '118-37', 'DISPONIBLE'),
(28, '118-38', 'DISPONIBLE'),
(28, '118-39', 'DISPONIBLE'),
(28, '118-40', 'DISPONIBLE'),
(28, '118-41', 'DISPONIBLE'),
(28, '118-42', 'DISPONIBLE'),
(28, '118-43', 'DISPONIBLE'),
(28, '118-44', 'DISPONIBLE'),
(29, '118-01', 'NO DISPONIBLE'),
(29, '118-02', 'NO DISPONIBLE'),
(29, '118-03', 'NO DISPONIBLE'),
(29, '118-04', 'NO DISPONIBLE'),
(29, '118-05', 'NO DISPONIBLE'),
(29, '118-06', 'NO DISPONIBLE'),
(29, '118-07', 'DISPONIBLE'),
(29, '118-08', 'DISPONIBLE'),
(29, '118-09', 'DISPONIBLE'),
(29, '118-10', 'DISPONIBLE'),
(29, '118-11', 'DISPONIBLE'),
(29, '118-12', 'DISPONIBLE'),
(29, '118-13', 'DISPONIBLE'),
(29, '118-14', 'DISPONIBLE'),
(29, '118-15', 'DISPONIBLE'),
(29, '118-16', 'DISPONIBLE'),
(29, '118-17', 'DISPONIBLE'),
(29, '118-18', 'DISPONIBLE'),
(29, '118-19', 'DISPONIBLE'),
(29, '118-20', 'DISPONIBLE'),
(29, '118-21', 'DISPONIBLE'),
(29, '118-22', 'DISPONIBLE'),
(29, '118-23', 'DISPONIBLE'),
(29, '118-24', 'DISPONIBLE'),
(29, '118-25', 'DISPONIBLE'),
(29, '118-26', 'DISPONIBLE'),
(29, '118-27', 'DISPONIBLE'),
(29, '118-28', 'DISPONIBLE'),
(29, '118-29', 'DISPONIBLE'),
(29, '118-30', 'DISPONIBLE'),
(29, '118-31', 'DISPONIBLE'),
(29, '118-32', 'DISPONIBLE'),
(29, '118-33', 'DISPONIBLE'),
(29, '118-34', 'DISPONIBLE'),
(29, '118-35', 'DISPONIBLE'),
(29, '118-36', 'DISPONIBLE'),
(29, '118-37', 'DISPONIBLE'),
(29, '118-38', 'DISPONIBLE'),
(29, '118-39', 'DISPONIBLE'),
(29, '118-40', 'DISPONIBLE'),
(29, '118-41', 'DISPONIBLE'),
(29, '118-42', 'DISPONIBLE'),
(29, '118-43', 'DISPONIBLE'),
(29, '118-44', 'DISPONIBLE'),
(30, '118-01', 'NO DISPONIBLE'),
(30, '118-02', 'NO DISPONIBLE'),
(30, '118-03', 'NO DISPONIBLE'),
(30, '118-04', 'NO DISPONIBLE'),
(30, '118-05', 'NO DISPONIBLE'),
(30, '118-06', 'NO DISPONIBLE'),
(30, '118-07', 'NO DISPONIBLE'),
(30, '118-08', 'DISPONIBLE'),
(30, '118-09', 'DISPONIBLE'),
(30, '118-10', 'DISPONIBLE'),
(30, '118-11', 'DISPONIBLE'),
(30, '118-12', 'DISPONIBLE'),
(30, '118-13', 'DISPONIBLE'),
(30, '118-14', 'DISPONIBLE'),
(30, '118-15', 'DISPONIBLE'),
(30, '118-16', 'DISPONIBLE'),
(30, '118-17', 'DISPONIBLE'),
(30, '118-18', 'DISPONIBLE'),
(30, '118-19', 'DISPONIBLE'),
(30, '118-20', 'DISPONIBLE'),
(30, '118-21', 'DISPONIBLE'),
(30, '118-22', 'DISPONIBLE'),
(30, '118-23', 'DISPONIBLE'),
(30, '118-24', 'DISPONIBLE'),
(30, '118-25', 'DISPONIBLE'),
(30, '118-26', 'DISPONIBLE'),
(30, '118-27', 'DISPONIBLE'),
(30, '118-28', 'DISPONIBLE'),
(30, '118-29', 'DISPONIBLE'),
(30, '118-30', 'DISPONIBLE'),
(30, '118-31', 'DISPONIBLE'),
(30, '118-32', 'DISPONIBLE'),
(30, '118-33', 'DISPONIBLE'),
(30, '118-34', 'DISPONIBLE'),
(30, '118-35', 'DISPONIBLE'),
(30, '118-36', 'DISPONIBLE'),
(30, '118-37', 'DISPONIBLE'),
(30, '118-38', 'DISPONIBLE'),
(30, '118-39', 'DISPONIBLE'),
(30, '118-40', 'DISPONIBLE'),
(30, '118-41', 'DISPONIBLE'),
(30, '118-42', 'DISPONIBLE'),
(30, '118-43', 'DISPONIBLE'),
(30, '118-44', 'DISPONIBLE'),
(31, '130-01', 'NO DISPONIBLE'),
(31, '130-02', 'NO DISPONIBLE'),
(31, '130-03', 'NO DISPONIBLE'),
(31, '130-04', 'NO DISPONIBLE'),
(31, '130-05', 'NO DISPONIBLE'),
(31, '130-06', 'NO DISPONIBLE'),
(31, '130-07', 'NO DISPONIBLE'),
(31, '130-08', 'DISPONIBLE'),
(31, '130-09', 'DISPONIBLE'),
(31, '130-10', 'DISPONIBLE'),
(31, '130-11', 'DISPONIBLE'),
(31, '130-12', 'DISPONIBLE'),
(31, '130-13', 'DISPONIBLE'),
(31, '130-14', 'DISPONIBLE'),
(31, '130-15', 'DISPONIBLE'),
(31, '130-16', 'DISPONIBLE'),
(31, '130-17', 'DISPONIBLE'),
(31, '130-18', 'DISPONIBLE'),
(31, '130-19', 'DISPONIBLE'),
(31, '130-20', 'DISPONIBLE'),
(31, '130-21', 'DISPONIBLE'),
(31, '130-22', 'DISPONIBLE'),
(31, '130-23', 'DISPONIBLE'),
(31, '130-24', 'DISPONIBLE'),
(31, '130-25', 'DISPONIBLE'),
(31, '130-26', 'DISPONIBLE'),
(31, '130-27', 'DISPONIBLE'),
(31, '130-28', 'DISPONIBLE'),
(31, '130-29', 'DISPONIBLE'),
(31, '130-30', 'DISPONIBLE'),
(31, '130-31', 'DISPONIBLE'),
(31, '130-32', 'DISPONIBLE'),
(31, '130-33', 'DISPONIBLE'),
(31, '130-34', 'DISPONIBLE'),
(31, '130-35', 'DISPONIBLE'),
(31, '130-36', 'DISPONIBLE'),
(31, '130-37', 'DISPONIBLE'),
(31, '130-38', 'DISPONIBLE'),
(31, '130-39', 'DISPONIBLE'),
(31, '130-40', 'DISPONIBLE'),
(31, '130-41', 'DISPONIBLE'),
(31, '130-42', 'DISPONIBLE'),
(31, '130-43', 'DISPONIBLE'),
(31, '130-44', 'DISPONIBLE'),
(32, '130-01', 'NO DISPONIBLE'),
(32, '130-02', 'NO DISPONIBLE'),
(32, '130-03', 'NO DISPONIBLE'),
(32, '130-04', 'NO DISPONIBLE'),
(32, '130-05', 'NO DISPONIBLE'),
(32, '130-06', 'NO DISPONIBLE'),
(32, '130-07', 'NO DISPONIBLE'),
(32, '130-08', 'DISPONIBLE'),
(32, '130-09', 'DISPONIBLE'),
(32, '130-10', 'DISPONIBLE'),
(32, '130-11', 'DISPONIBLE'),
(32, '130-12', 'DISPONIBLE'),
(32, '130-13', 'DISPONIBLE'),
(32, '130-14', 'DISPONIBLE'),
(32, '130-15', 'DISPONIBLE'),
(32, '130-16', 'DISPONIBLE'),
(32, '130-17', 'DISPONIBLE'),
(32, '130-18', 'DISPONIBLE'),
(32, '130-19', 'DISPONIBLE'),
(32, '130-20', 'DISPONIBLE'),
(32, '130-21', 'DISPONIBLE'),
(32, '130-22', 'DISPONIBLE'),
(32, '130-23', 'DISPONIBLE'),
(32, '130-24', 'DISPONIBLE'),
(32, '130-25', 'DISPONIBLE'),
(32, '130-26', 'DISPONIBLE'),
(32, '130-27', 'DISPONIBLE'),
(32, '130-28', 'DISPONIBLE'),
(32, '130-29', 'DISPONIBLE'),
(32, '130-30', 'DISPONIBLE'),
(32, '130-31', 'DISPONIBLE'),
(32, '130-32', 'DISPONIBLE'),
(32, '130-33', 'DISPONIBLE'),
(32, '130-34', 'DISPONIBLE'),
(32, '130-35', 'DISPONIBLE'),
(32, '130-36', 'DISPONIBLE'),
(32, '130-37', 'DISPONIBLE'),
(32, '130-38', 'DISPONIBLE'),
(32, '130-39', 'DISPONIBLE'),
(32, '130-40', 'DISPONIBLE'),
(32, '130-41', 'DISPONIBLE'),
(32, '130-42', 'DISPONIBLE'),
(32, '130-43', 'DISPONIBLE'),
(32, '130-44', 'DISPONIBLE'),
(33, '181-01', 'NO DISPONIBLE'),
(33, '181-02', 'NO DISPONIBLE'),
(33, '181-03', 'NO DISPONIBLE'),
(33, '181-04', 'NO DISPONIBLE'),
(33, '181-05', 'NO DISPONIBLE'),
(33, '181-06', 'NO DISPONIBLE'),
(33, '181-07', 'DISPONIBLE'),
(33, '181-08', 'DISPONIBLE'),
(33, '181-09', 'DISPONIBLE'),
(33, '181-10', 'DISPONIBLE'),
(33, '181-11', 'DISPONIBLE'),
(33, '181-12', 'DISPONIBLE'),
(33, '181-13', 'DISPONIBLE'),
(33, '181-14', 'DISPONIBLE'),
(33, '181-15', 'DISPONIBLE'),
(33, '181-16', 'DISPONIBLE'),
(33, '181-17', 'DISPONIBLE'),
(33, '181-18', 'DISPONIBLE'),
(33, '181-19', 'DISPONIBLE'),
(33, '181-20', 'DISPONIBLE'),
(33, '181-21', 'DISPONIBLE'),
(33, '181-22', 'DISPONIBLE'),
(33, '181-23', 'DISPONIBLE'),
(33, '181-24', 'DISPONIBLE'),
(33, '181-25', 'DISPONIBLE'),
(33, '181-26', 'DISPONIBLE'),
(33, '181-27', 'DISPONIBLE'),
(33, '181-28', 'DISPONIBLE'),
(33, '181-29', 'DISPONIBLE'),
(33, '181-30', 'DISPONIBLE'),
(33, '181-31', 'DISPONIBLE'),
(33, '181-32', 'DISPONIBLE'),
(33, '181-33', 'DISPONIBLE'),
(33, '181-34', 'DISPONIBLE'),
(33, '181-35', 'DISPONIBLE'),
(33, '181-36', 'DISPONIBLE'),
(33, '181-37', 'DISPONIBLE'),
(33, '181-38', 'DISPONIBLE'),
(33, '181-39', 'DISPONIBLE'),
(33, '181-40', 'DISPONIBLE'),
(33, '181-41', 'DISPONIBLE'),
(33, '181-42', 'DISPONIBLE'),
(33, '181-43', 'DISPONIBLE'),
(33, '181-44', 'DISPONIBLE'),
(34, '181-01', 'NO DISPONIBLE'),
(34, '181-02', 'NO DISPONIBLE'),
(34, '181-03', 'NO DISPONIBLE'),
(34, '181-04', 'NO DISPONIBLE'),
(34, '181-05', 'NO DISPONIBLE'),
(34, '181-06', 'NO DISPONIBLE'),
(34, '181-07', 'NO DISPONIBLE'),
(34, '181-08', 'DISPONIBLE'),
(34, '181-09', 'DISPONIBLE'),
(34, '181-10', 'DISPONIBLE'),
(34, '181-11', 'DISPONIBLE'),
(34, '181-12', 'DISPONIBLE'),
(34, '181-13', 'DISPONIBLE'),
(34, '181-14', 'DISPONIBLE'),
(34, '181-15', 'DISPONIBLE'),
(34, '181-16', 'DISPONIBLE'),
(34, '181-17', 'DISPONIBLE'),
(34, '181-18', 'DISPONIBLE'),
(34, '181-19', 'DISPONIBLE'),
(34, '181-20', 'DISPONIBLE'),
(34, '181-21', 'DISPONIBLE'),
(34, '181-22', 'DISPONIBLE'),
(34, '181-23', 'DISPONIBLE'),
(34, '181-24', 'DISPONIBLE'),
(34, '181-25', 'DISPONIBLE'),
(34, '181-26', 'DISPONIBLE'),
(34, '181-27', 'DISPONIBLE'),
(34, '181-28', 'DISPONIBLE'),
(34, '181-29', 'DISPONIBLE'),
(34, '181-30', 'DISPONIBLE'),
(34, '181-31', 'DISPONIBLE'),
(34, '181-32', 'DISPONIBLE'),
(34, '181-33', 'DISPONIBLE'),
(34, '181-34', 'DISPONIBLE'),
(34, '181-35', 'DISPONIBLE'),
(34, '181-36', 'DISPONIBLE'),
(34, '181-37', 'DISPONIBLE'),
(34, '181-38', 'DISPONIBLE'),
(34, '181-39', 'DISPONIBLE'),
(34, '181-40', 'DISPONIBLE'),
(34, '181-41', 'DISPONIBLE'),
(34, '181-42', 'DISPONIBLE'),
(34, '181-43', 'DISPONIBLE'),
(34, '181-44', 'DISPONIBLE'),
(35, '181-01', 'NO DISPONIBLE'),
(35, '181-02', 'NO DISPONIBLE'),
(35, '181-03', 'NO DISPONIBLE'),
(35, '181-04', 'NO DISPONIBLE'),
(35, '181-05', 'NO DISPONIBLE'),
(35, '181-06', 'NO DISPONIBLE'),
(35, '181-07', 'DISPONIBLE'),
(35, '181-08', 'DISPONIBLE'),
(35, '181-09', 'DISPONIBLE'),
(35, '181-10', 'DISPONIBLE'),
(35, '181-11', 'DISPONIBLE'),
(35, '181-12', 'DISPONIBLE'),
(35, '181-13', 'DISPONIBLE'),
(35, '181-14', 'DISPONIBLE'),
(35, '181-15', 'DISPONIBLE'),
(35, '181-16', 'DISPONIBLE'),
(35, '181-17', 'DISPONIBLE'),
(35, '181-18', 'DISPONIBLE'),
(35, '181-19', 'DISPONIBLE'),
(35, '181-20', 'DISPONIBLE'),
(35, '181-21', 'DISPONIBLE'),
(35, '181-22', 'DISPONIBLE'),
(35, '181-23', 'DISPONIBLE'),
(35, '181-24', 'DISPONIBLE'),
(35, '181-25', 'DISPONIBLE'),
(35, '181-26', 'DISPONIBLE'),
(35, '181-27', 'DISPONIBLE'),
(35, '181-28', 'DISPONIBLE'),
(35, '181-29', 'DISPONIBLE'),
(35, '181-30', 'DISPONIBLE'),
(35, '181-31', 'DISPONIBLE'),
(35, '181-32', 'DISPONIBLE'),
(35, '181-33', 'DISPONIBLE'),
(35, '181-34', 'DISPONIBLE'),
(35, '181-35', 'DISPONIBLE'),
(35, '181-36', 'DISPONIBLE'),
(35, '181-37', 'DISPONIBLE'),
(35, '181-38', 'DISPONIBLE'),
(35, '181-39', 'DISPONIBLE'),
(35, '181-40', 'DISPONIBLE'),
(35, '181-41', 'DISPONIBLE'),
(35, '181-42', 'DISPONIBLE'),
(35, '181-43', 'DISPONIBLE'),
(35, '181-44', 'DISPONIBLE'),
(36, '181-01', 'NO DISPONIBLE'),
(36, '181-02', 'NO DISPONIBLE'),
(36, '181-03', 'NO DISPONIBLE'),
(36, '181-04', 'NO DISPONIBLE'),
(36, '181-05', 'NO DISPONIBLE'),
(36, '181-06', 'NO DISPONIBLE'),
(36, '181-07', 'NO DISPONIBLE'),
(36, '181-08', 'NO DISPONIBLE'),
(36, '181-09', 'NO DISPONIBLE'),
(36, '181-10', 'NO DISPONIBLE'),
(36, '181-11', 'NO DISPONIBLE'),
(36, '181-12', 'NO DISPONIBLE'),
(36, '181-13', 'NO DISPONIBLE'),
(36, '181-14', 'DISPONIBLE'),
(36, '181-15', 'DISPONIBLE'),
(36, '181-16', 'DISPONIBLE'),
(36, '181-17', 'DISPONIBLE'),
(36, '181-18', 'DISPONIBLE'),
(36, '181-19', 'DISPONIBLE'),
(36, '181-20', 'DISPONIBLE'),
(36, '181-21', 'DISPONIBLE'),
(36, '181-22', 'DISPONIBLE'),
(36, '181-23', 'DISPONIBLE'),
(36, '181-24', 'DISPONIBLE'),
(36, '181-25', 'DISPONIBLE'),
(36, '181-26', 'DISPONIBLE'),
(36, '181-27', 'DISPONIBLE'),
(36, '181-28', 'DISPONIBLE'),
(36, '181-29', 'DISPONIBLE'),
(36, '181-30', 'DISPONIBLE'),
(36, '181-31', 'DISPONIBLE'),
(36, '181-32', 'DISPONIBLE'),
(36, '181-33', 'DISPONIBLE'),
(36, '181-34', 'DISPONIBLE'),
(36, '181-35', 'DISPONIBLE'),
(36, '181-36', 'DISPONIBLE'),
(36, '181-37', 'DISPONIBLE'),
(36, '181-38', 'DISPONIBLE'),
(36, '181-39', 'DISPONIBLE'),
(36, '181-40', 'DISPONIBLE'),
(36, '181-41', 'DISPONIBLE'),
(36, '181-42', 'DISPONIBLE'),
(36, '181-43', 'DISPONIBLE'),
(36, '181-44', 'DISPONIBLE');


-- RESTRICCIONES DE LLAVE FORÁNEA

-- RUTA
ALTER TABLE ruta
ADD CONSTRAINT fk_ruta_origen
FOREIGN KEY (ciudadOrigen) REFERENCES ciudad(codigo)
ON UPDATE CASCADE ON DELETE RESTRICT;

ALTER TABLE ruta
ADD CONSTRAINT fk_ruta_destino
FOREIGN KEY (ciudadDestino) REFERENCES ciudad(codigo)
ON UPDATE CASCADE ON DELETE RESTRICT;

-- AUTOBUS
ALTER TABLE autobus
ADD CONSTRAINT fk_tipoAutobus
FOREIGN KEY (tipoAutobus) REFERENCES tipo_autobus(codigo)
ON UPDATE CASCADE ON DELETE RESTRICT;

ALTER TABLE autobus
ADD CONSTRAINT fk_estadoAutobus
FOREIGN KEY (estado) REFERENCES edo_autobus(codigo)
ON UPDATE CASCADE ON DELETE RESTRICT;

ALTER TABLE autobus
ADD CONSTRAINT fk_marcaAutobus
FOREIGN KEY (marca) REFERENCES marca(clave)
ON UPDATE CASCADE ON DELETE RESTRICT;

ALTER TABLE autobus
ADD CONSTRAINT fk_modeloAutobus
FOREIGN KEY (modelo) REFERENCES modelo(clave)
ON UPDATE CASCADE ON DELETE RESTRICT;

-- CORRIDA
ALTER TABLE corrida
ADD CONSTRAINT fk_corrida_autobus
FOREIGN KEY (autobus) REFERENCES autobus(numero)
ON UPDATE CASCADE ON DELETE RESTRICT;

ALTER TABLE corrida
ADD CONSTRAINT fk_corrida_ruta
FOREIGN KEY (ruta) REFERENCES ruta(codigo)
ON UPDATE CASCADE ON DELETE RESTRICT;

ALTER TABLE corrida
ADD CONSTRAINT fk_corrida_operador
FOREIGN KEY (operador) REFERENCES operador(numero)
ON UPDATE CASCADE ON DELETE RESTRICT;

ALTER TABLE corrida
ADD CONSTRAINT fk_corrida_estado
FOREIGN KEY (estado) REFERENCES edo_corrida(codigo)
ON UPDATE CASCADE ON DELETE RESTRICT;

-- RESERVACION
ALTER TABLE reservacion
ADD CONSTRAINT fk_reserva_pasajero
FOREIGN KEY (pasajero) REFERENCES pasajero(numero)
ON UPDATE CASCADE ON DELETE RESTRICT;

ALTER TABLE reservacion
ADD CONSTRAINT fk_reserva_corrida
FOREIGN KEY (corrida) REFERENCES corrida(numero)
ON UPDATE CASCADE ON DELETE RESTRICT;

ALTER TABLE reservacion
ADD CONSTRAINT fk_reserva_usuario
FOREIGN KEY (usuario) REFERENCES usuario(id)
ON UPDATE CASCADE ON DELETE RESTRICT;

-- ASIENTO_RESERVACION
ALTER TABLE asiento_reservacion
ADD CONSTRAINT fk_asiento_reservacion_asiento
FOREIGN KEY (asiento) REFERENCES asiento(clave)
ON UPDATE CASCADE ON DELETE RESTRICT;

ALTER TABLE asiento_reservacion
ADD CONSTRAINT fk_asiento_reservacion_reservacion
FOREIGN KEY (reservacion) REFERENCES reservacion(numero)
ON UPDATE CASCADE ON DELETE RESTRICT;

-- BOLETO
ALTER TABLE boleto
ADD CONSTRAINT fk_boleto_asiento
FOREIGN KEY (asiento) REFERENCES asiento(clave)
ON UPDATE CASCADE ON DELETE RESTRICT;

ALTER TABLE boleto
ADD CONSTRAINT fk_boleto_pasajero
FOREIGN KEY (pasajero) REFERENCES pasajero(numero)
ON UPDATE CASCADE ON DELETE RESTRICT;

ALTER TABLE boleto
ADD CONSTRAINT fk_boleto_tipoPasajero
FOREIGN KEY (tipoPasajero) REFERENCES tipo_pasajero(codigo)
ON UPDATE CASCADE ON DELETE RESTRICT;

ALTER TABLE boleto
ADD CONSTRAINT fk_boleto_corrida
FOREIGN KEY (corrida) REFERENCES corrida(numero)
ON UPDATE CASCADE ON DELETE RESTRICT;

-- LISTADO_AMENIDADES
ALTER TABLE listado_amenidades
ADD CONSTRAINT fk_listado_tipoAutobus
FOREIGN KEY (tipoAutobus) REFERENCES tipo_autobus(codigo)
ON UPDATE CASCADE ON DELETE RESTRICT;

ALTER TABLE listado_amenidades
ADD CONSTRAINT fk_listado_amenidad
FOREIGN KEY (amenidad) REFERENCES amenidad(codigo)
ON UPDATE CASCADE ON DELETE RESTRICT;


-- TABLA CORRIDA_ASIENTO
ALTER TABLE corrida_asiento
ADD CONSTRAINT fk_corrida_asiento_corrida 
FOREIGN KEY (corrida) REFERENCES corrida(numero)
ON UPDATE CASCADE ON DELETE CASCADE;
        
ALTER TABLE corrida_asiento
ADD CONSTRAINT fk_corrida_asiento_asiento 
FOREIGN KEY (asiento) REFERENCES asiento(clave)
ON UPDATE CASCADE ON DELETE RESTRICT;